Genus,Genus_Nodulation_Status,Type,Legume?,Subfamily,Subanalysis
Abarema,Yes,Rhizobial,Yes,Caesalpinioideae,Mimosoid
Acacia,Yes,Rhizobial,Yes,Caesalpinioideae,Mimosoid
Acaciella,Yes,Rhizobial,Yes,Caesalpinioideae,Mimosoid
Acrocarpus,No,n/a,Yes,Caesalpinioideae,other_Cae
Adenopodia,Yes,Rhizobial,Yes,Caesalpinioideae,Mimosoid
Afrocalliandra,Unknown,n/a,Yes,Caesalpinioideae,Mimosoid
Alantsilodendron,Unknown,n/a,Yes,Caesalpinioideae,Mimosoid
Albizia,Yes,Rhizobial,Yes,Caesalpinioideae,Mimosoid
Amblygonocarpus,No,n/a,Yes,Caesalpinioideae,Mimosoid
Anadenanthera,Yes,Rhizobial,Yes,Caesalpinioideae,Mimosoid
Arapatiella,No,n/a,Yes,Caesalpinioideae,other_Cae
Archidendron,Yes,Rhizobial,Yes,Caesalpinioideae,Mimosoid
Archidendropsis,Yes,Rhizobial,Yes,Caesalpinioideae,Mimosoid
Arcoa,Unknown,n/a,Yes,Caesalpinioideae,other_Cae
Arquita,Unknown,n/a,Yes,Caesalpinioideae,other_Cae
Aubrevillea,No,n/a,Yes,Caesalpinioideae,Mimosoid
Balizia,Yes,Rhizobial,Yes,Caesalpinioideae,Mimosoid
Balsamocarpon,No,n/a,Yes,Caesalpinioideae,other_Cae
Batesia,No,n/a,Yes,Caesalpinioideae,other_Cae
Biancaea,Unknown,n/a,Yes,Caesalpinioideae,other_Cae
Blanchetiodendron,Unknown,n/a,Yes,Caesalpinioideae,Mimosoid
Burkea,No,n/a,Yes,Caesalpinioideae,other_Cae
Bussea,Unknown,n/a,Yes,Caesalpinioideae,other_Cae
Caesalpinia,No,n/a,Yes,Caesalpinioideae,other_Cae
Calliandra,Yes,Rhizobial,Yes,Caesalpinioideae,Mimosoid
Calliandropsis,Unknown,n/a,Yes,Caesalpinioideae,Mimosoid
Calpocalyx,No,n/a,Yes,Caesalpinioideae,Mimosoid
Campsiandra,Yes,Rhizobial,Yes,Caesalpinioideae,other_Cae
Cassia,No,n/a,Yes,Caesalpinioideae,other_Cae
Cathormion,Yes,Rhizobial,Yes,Caesalpinioideae,Mimosoid
Cedrelinga,Yes,Rhizobial,Yes,Caesalpinioideae,Mimosoid
Cenostigma,No,n/a,Yes,Caesalpinioideae,other_Cae
Ceratonia,No,n/a,Yes,Caesalpinioideae,other_Cae
Chamaecrista,Yes,Rhizobial,Yes,Caesalpinioideae,other_Cae
Chidlowia,Yes,Rhizobial,Yes,Caesalpinioideae,Mimosoid
Chloroleucon,Yes,Rhizobial,Yes,Caesalpinioideae,Mimosoid
Cojoba,Yes,Rhizobial,Yes,Caesalpinioideae,Mimosoid
Colvillea,Unknown,n/a,Yes,Caesalpinioideae,other_Cae
Conzattia,No,n/a,Yes,Caesalpinioideae,other_Cae
Cordeauxia,Unknown,n/a,Yes,Caesalpinioideae,other_Cae
Coulteria,Unknown,n/a,Yes,Caesalpinioideae,other_Cae
Cylicodiscus,No,n/a,Yes,Caesalpinioideae,Mimosoid
Delonix,No,n/a,Yes,Caesalpinioideae,other_Cae
Denisophytum,Unknown,n/a,Yes,Caesalpinioideae,other_Cae
Desmanthus,Yes,Rhizobial,Yes,Caesalpinioideae,Mimosoid
Dichrostachys,Yes,Rhizobial,Yes,Caesalpinioideae,Mimosoid
Dimorphandra,Yes,Rhizobial,Yes,Caesalpinioideae,other_Cae
Dinizia,No,n/a,Yes,Caesalpinioideae,other_Cae
Diptychandra,Unknown,n/a,Yes,Caesalpinioideae,other_Cae
Ebenopsis,Yes,Rhizobial,Yes,Caesalpinioideae,Mimosoid
Elephantorrhiza,Yes,Rhizobial,Yes,Caesalpinioideae,Mimosoid
Entada,Yes,Rhizobial,Yes,Caesalpinioideae,Mimosoid
Enterolobium,Yes,Rhizobial,Yes,Caesalpinioideae,Mimosoid
Erythrophleum,Yes,Rhizobial,Yes,Caesalpinioideae,other_Cae
Erythrostemon,Unknown,n/a,Yes,Caesalpinioideae,other_Cae
Faidherbia,Yes,Rhizobial,Yes,Caesalpinioideae,Mimosoid
Falcataria,Yes,Rhizobial,Yes,Caesalpinioideae,Mimosoid
Fillaeopsis,Unknown,n/a,Yes,Caesalpinioideae,Mimosoid
Gagnebina,Yes,Rhizobial,Yes,Caesalpinioideae,Mimosoid
Gelrebia,Unknown,n/a,Yes,Caesalpinioideae,other_Cae
Gleditsia,No,n/a,Yes,Caesalpinioideae,other_Cae
Guilandina,Unknown,n/a,Yes,Caesalpinioideae,other_Cae
Gymnocladus,No,n/a,Yes,Caesalpinioideae,other_Cae
Haematoxylum,No,n/a,Yes,Caesalpinioideae,other_Cae
Havardia,Yes,Rhizobial,Yes,Caesalpinioideae,Mimosoid
Heteroflorum,Unknown,n/a,Yes,Caesalpinioideae,other_Cae
Hoffmannseggia,No,n/a,Yes,Caesalpinioideae,other_Cae
Hydrochorea,Yes,Rhizobial,Yes,Caesalpinioideae,Mimosoid
Indopiptadenia,Yes,Rhizobial,Yes,Caesalpinioideae,Mimosoid
Inga,Yes,Rhizobial,Yes,Caesalpinioideae,other_Cae
Jacqueshuberia,Yes,Rhizobial,Yes,Caesalpinioideae,Mimosoid
Kanaloa,Yes,Rhizobial,Yes,Caesalpinioideae,Mimosoid
Lachesiodendron,Yes,Rhizobial,Yes,Caesalpinioideae,Mimosoid
Lemurodendron,Unknown,n/a,Yes,Caesalpinioideae,Mimosoid
Leucaena,Yes,Rhizobial,Yes,Caesalpinioideae,Mimosoid
Leucochloron,Unknown,n/a,Yes,Caesalpinioideae,other_Cae
Libidibia,No,n/a,Yes,Caesalpinioideae,other_Cae
Lophocarpinia,Unknown,n/a,Yes,Caesalpinioideae,Mimosoid
Lysiloma,Yes,Rhizobial,Yes,Caesalpinioideae,Mimosoid
Macrosamanea,Yes,Rhizobial,Yes,Caesalpinioideae,Mimosoid
Mariosousa,Yes,Rhizobial,Yes,Caesalpinioideae,other_Cae
Melanoxylon,Yes,Rhizobial,Yes,Caesalpinioideae,other_Cae
Mezoneuron,Unknown,n/a,Yes,Caesalpinioideae,Mimosoid
Microlobius,Yes,Rhizobial,Yes,Caesalpinioideae,Mimosoid
Mimosa,Yes,Rhizobial,Yes,Caesalpinioideae,Mimosoid
Mimozyganthus,Yes,Rhizobial,Yes,Caesalpinioideae,other_Cae
Moldenhawera,Yes,Rhizobial,Yes,Caesalpinioideae,other_Cae
Mora,No,n/a,Yes,Caesalpinioideae,other_Cae
Moullava,Unknown,n/a,Yes,Caesalpinioideae,Mimosoid
Neptunia,Yes,Rhizobial,Yes,Caesalpinioideae,Mimosoid
Newtonia,No,n/a,Yes,Caesalpinioideae,other_Cae
Pachyelasma,Unknown,n/a,Yes,Caesalpinioideae,Mimosoid
Painteria,Unknown,n/a,Yes,Caesalpinioideae,Mimosoid
Parapiptadenia,Yes,Rhizobial,Yes,Caesalpinioideae,Mimosoid
Pararchidendron,Unknown,n/a,Yes,Caesalpinioideae,Mimosoid
Parasenegalia,Yes,Rhizobial,Yes,Caesalpinioideae,Mimosoid
Paraserianthes,Yes,Rhizobial,Yes,Caesalpinioideae,Mimosoid
Parkia,No,n/a,Yes,Caesalpinioideae,other_Cae
Parkinsonia,No,n/a,Yes,Caesalpinioideae,other_Cae
Paubrasilia,No,n/a,Yes,Caesalpinioideae,other_Cae
Peltophorum,No,n/a,Yes,Caesalpinioideae,Mimosoid
Pentaclethra,Yes,Rhizobial,Yes,Caesalpinioideae,Mimosoid
Piptadenia,Yes,Rhizobial,Yes,Caesalpinioideae,Mimosoid
Piptadeniastrum,Yes,Rhizobial,Yes,Caesalpinioideae,Mimosoid
Piptadeniopsis,Unknown,n/a,Yes,Caesalpinioideae,Mimosoid
Pithecellobium,Yes,Rhizobial,Yes,Caesalpinioideae,Mimosoid
Pityrocarpa,Yes,Rhizobial,Yes,Caesalpinioideae,Mimosoid
Plathymenia,Yes,Rhizobial,Yes,Caesalpinioideae,other_Cae
Pomaria,Unknown,n/a,Yes,Caesalpinioideae,Mimosoid
Prosopidastrum,Unknown,n/a,Yes,Caesalpinioideae,Mimosoid
Prosopis,Yes,Rhizobial,Yes,Caesalpinioideae,Mimosoid
Pseudopiptadenia,Yes,Rhizobial,Yes,Caesalpinioideae,Mimosoid
Pseudoprosopis,Unknown,n/a,Yes,Caesalpinioideae,Mimosoid
Pseudosamanea,Yes,Rhizobial,Yes,Caesalpinioideae,other_Cae
Pterogyne,No,n/a,Yes,Caesalpinioideae,other_Cae
Pterolobium,No,n/a,Yes,Caesalpinioideae,other_Cae
Recordoxylon,Yes,Rhizobial,Yes,Caesalpinioideae,Mimosoid
Samanea,Yes,Rhizobial,Yes,Caesalpinioideae,other_Cae
Schizolobium,No,n/a,Yes,Caesalpinioideae,Mimosoid
Schleinitzia,Yes,Rhizobial,Yes,Caesalpinioideae,Mimosoid
Senegalia,Yes,Rhizobial,Yes,Caesalpinioideae,other_Cae
Senna,Yes,Rhizobial,Yes,Caesalpinioideae,Mimosoid
Serianthes,Yes,Rhizobial,Yes,Caesalpinioideae,Mimosoid
Stachyothyrsus,Unknown,n/a,Yes,Caesalpinioideae,other_Cae
Stenodrepanum,Yes,Rhizobial,Yes,Caesalpinioideae,Mimosoid
Stryphnodendron,Yes,Rhizobial,Yes,Caesalpinioideae,other_Cae
Stuhlmannia,Unknown,n/a,Yes,Caesalpinioideae,other_Cae
Sympetalandra,Unknown,n/a,Yes,Caesalpinioideae,other_Cae
Tachigali,Yes,Rhizobial,Yes,Caesalpinioideae,other_Cae
Tara,Unknown,n/a,Yes,Caesalpinioideae,Mimosoid
Tetrapleura,No,n/a,Yes,Caesalpinioideae,other_Cae
Tetrapterocarpon,Unknown,n/a,Yes,Caesalpinioideae,Mimosoid
Thailentadopsis,Unknown,n/a,Yes,Caesalpinioideae,other_Cae
Umtiza,Unknown,n/a,Yes,Caesalpinioideae,Mimosoid
Vachellia,Yes,Rhizobial,Yes,Caesalpinioideae,Mimosoid
Viguieranthus,Unknown,n/a,Yes,Caesalpinioideae,other_Cae
Vouacapoua,No,n/a,Yes,Caesalpinioideae,Mimosoid
Wallaceodendron,Yes,Rhizobial,Yes,Caesalpinioideae,Mimosoid
Xerocladia,Yes,Rhizobial,Yes,Caesalpinioideae,Mimosoid
Xylia,Yes,Rhizobial,Yes,Caesalpinioideae,Mimosoid
Zapoteca,No,n/a,Yes,Caesalpinioideae,other_Cae
Zuccagnia,Unknown,n/a,Yes,Caesalpinioideae,Mimosoid
Zygia,Yes,Rhizobial,Yes,Caesalpinioideae,Cercidoideae
Adenolobus,No,n/a,Yes,Cercidoideae,Cercidoideae
Barklya,No,n/a,Yes,Cercidoideae,Cercidoideae
Bauhinia,No,n/a,Yes,Cercidoideae,Cercidoideae
Brenierea,No,n/a,Yes,Cercidoideae,Cercidoideae
Cercis,No,n/a,Yes,Cercidoideae,Cercidoideae
Cheniella,No,n/a,Yes,Cercidoideae,Cercidoideae
Gigasiphon,No,n/a,Yes,Cercidoideae,Cercidoideae
Griffonia,No,n/a,Yes,Cercidoideae,Cercidoideae
Lasiobema,No,n/a,Yes,Cercidoideae,Cercidoideae
Lysiphyllum,No,n/a,Yes,Cercidoideae,Cercidoideae
Phanera,No,n/a,Yes,Cercidoideae,Cercidoideae
Piliostigma,No,n/a,Yes,Cercidoideae,Cercidoideae
Schnella,No,n/a,Yes,Cercidoideae,Cercidoideae
Tylosema,No,n/a,Yes,Cercidoideae,Detarioideae
Afzelia,No,n/a,Yes,Detarioideae,Detarioideae
Amherstia,No,n/a,Yes,Detarioideae,Detarioideae
Annea,No,n/a,Yes,Detarioideae,Detarioideae
Anthonotha,No,n/a,Yes,Detarioideae,Detarioideae
Aphanocalyx,No,n/a,Yes,Detarioideae,Detarioideae
Augouardia,No,n/a,Yes,Detarioideae,Detarioideae
Baikiaea,No,n/a,Yes,Detarioideae,Detarioideae
Barnebydendron,No,n/a,Yes,Detarioideae,Detarioideae
Berlinia,No,n/a,Yes,Detarioideae,Detarioideae
Bikinia,No,n/a,Yes,Detarioideae,Detarioideae
Brachycylix,No,n/a,Yes,Detarioideae,Detarioideae
Brachystegia,No,n/a,Yes,Detarioideae,Detarioideae
Brandzeia,No,n/a,Yes,Detarioideae,Detarioideae
Brodriguesia,No,n/a,Yes,Detarioideae,Detarioideae
Brownea,No,n/a,Yes,Detarioideae,Detarioideae
Browneopsis,No,n/a,Yes,Detarioideae,Detarioideae
Colophospermum,No,n/a,Yes,Detarioideae,Detarioideae
Copaifera,No,n/a,Yes,Detarioideae,Detarioideae
Crudia,No,n/a,Yes,Detarioideae,Detarioideae
Cryptosepalum,No,n/a,Yes,Detarioideae,Detarioideae
Cynometra,No,n/a,Yes,Detarioideae,Detarioideae
Daniellia,No,n/a,Yes,Detarioideae,Detarioideae
Detarium,No,n/a,Yes,Detarioideae,Detarioideae
Dicymbe,No,n/a,Yes,Detarioideae,Detarioideae
Didelotia,No,n/a,Yes,Detarioideae,Detarioideae
Ecuadendron,No,n/a,Yes,Detarioideae,Detarioideae
Elizabetha,No,n/a,Yes,Detarioideae,Detarioideae
Endertia,No,n/a,Yes,Detarioideae,Detarioideae
Englerodendron,No,n/a,Yes,Detarioideae,Detarioideae
Eperua,No,n/a,Yes,Detarioideae,Detarioideae
Eurypetalum,No,n/a,Yes,Detarioideae,Detarioideae
Gabonius,No,n/a,Yes,Detarioideae,Detarioideae
Gilbertiodendron,No,n/a,Yes,Detarioideae,Detarioideae
Gilletiodendron,No,n/a,Yes,Detarioideae,Detarioideae
Goniorrhachis,No,n/a,Yes,Detarioideae,Detarioideae
Guibourtia,No,n/a,Yes,Detarioideae,Detarioideae
Hardwickia,No,n/a,Yes,Detarioideae,Detarioideae
Heterostemon,No,n/a,Yes,Detarioideae,Detarioideae
Humboldtia,No,n/a,Yes,Detarioideae,Detarioideae
Hylodendron,No,n/a,Yes,Detarioideae,Detarioideae
Hymenaea,No,n/a,Yes,Detarioideae,Detarioideae
Hymenostegia,No,n/a,Yes,Detarioideae,Detarioideae
Icuria,No,n/a,Yes,Detarioideae,Detarioideae
Intsia,No,n/a,Yes,Detarioideae,Detarioideae
Isoberlinia,No,n/a,Yes,Detarioideae,Detarioideae
Isomacrolobium,No,n/a,Yes,Detarioideae,Detarioideae
Julbernardia,No,n/a,Yes,Detarioideae,Detarioideae
Kingiodendron,No,n/a,Yes,Detarioideae,Detarioideae
Lebruniodendron,No,n/a,Yes,Detarioideae,Detarioideae
Leonardoxa,No,n/a,Yes,Detarioideae,Detarioideae
Librevillea,No,n/a,Yes,Detarioideae,Detarioideae
Loesenera,No,n/a,Yes,Detarioideae,Detarioideae
Lysidice,No,n/a,Yes,Detarioideae,Detarioideae
Macrolobium,No,n/a,Yes,Detarioideae,Detarioideae
Maniltoa,No,n/a,Yes,Detarioideae,Detarioideae
Neoapaloxylon,No,n/a,Yes,Detarioideae,Detarioideae
Neochevalierodendron,No,n/a,Yes,Detarioideae,Detarioideae
Normandiodendron,No,n/a,Yes,Detarioideae,Detarioideae
Oddoniodendron,No,n/a,Yes,Detarioideae,Detarioideae
Oxystigma,No,n/a,Yes,Detarioideae,Detarioideae
Paloue,No,n/a,Yes,Detarioideae,Detarioideae
Paloveopsis,No,n/a,Yes,Detarioideae,Detarioideae
Paramacrolobium,No,n/a,Yes,Detarioideae,Detarioideae
Peltogyne,No,n/a,Yes,Detarioideae,Detarioideae
Plagiosiphon,No,n/a,Yes,Detarioideae,Detarioideae
Polystemonanthus,No,n/a,Yes,Detarioideae,Detarioideae
Prioria,No,n/a,Yes,Detarioideae,Detarioideae
Saraca,No,n/a,Yes,Detarioideae,Detarioideae
Schotia,No,n/a,Yes,Detarioideae,Detarioideae
Scorodophloeus,No,n/a,Yes,Detarioideae,Detarioideae
Sindora,No,n/a,Yes,Detarioideae,Detarioideae
Sindoropsis,No,n/a,Yes,Detarioideae,Detarioideae
Stemonocoleus,No,n/a,Yes,Detarioideae,Detarioideae
Talbotiella,No,n/a,Yes,Detarioideae,Detarioideae
Tamarindus,No,n/a,Yes,Detarioideae,Detarioideae
Tessmannia,No,n/a,Yes,Detarioideae,Detarioideae
Tetraberlinia,No,n/a,Yes,Detarioideae,Detarioideae
Zenkerella,No,n/a,Yes,Detarioideae,Dial-Dup
Androcalymma,No,n/a,Yes,Dialioideae,Dial-Dup
Apuleia,No,n/a,Yes,Dialioideae,Dial-Dup
Baudouinia,No,n/a,Yes,Dialioideae,Dial-Dup
Dialium,No,n/a,Yes,Dialioideae,Dial-Dup
Dicorynia,No,n/a,Yes,Dialioideae,Dial-Dup
Distemonanthus,No,n/a,Yes,Dialioideae,Dial-Dup
Eligmocarpus,No,n/a,Yes,Dialioideae,Dial-Dup
Kalappia,No,n/a,Yes,Dialioideae,Dial-Dup
Koompassia,No,n/a,Yes,Dialioideae,Dial-Dup
Labichea,No,n/a,Yes,Dialioideae,Dial-Dup
Martiodendron,No,n/a,Yes,Dialioideae,Dial-Dup
Mendoravia,No,n/a,Yes,Dialioideae,Dial-Dup
Petalostylis,No,n/a,Yes,Dialioideae,Dial-Dup
Poeppigia,No,n/a,Yes,Dialioideae,Dial-Dup
Storckiella,No,n/a,Yes,Dialioideae,Dial-Dup
Uittienia,No,n/a,Yes,Dialioideae,Dial-Dup
Zenia,No,n/a,Yes,Dialioideae,Dial-Dup
Duparquetia,No,n/a,Yes,Duparquetioideae,Non-legume
Zygocarpum,Unknown,n/a,Yes,Papilionoideae,Papilionoideae
Abobra,No,n/a,No,Non-legume,Non-legume
Acaena,No,n/a,No,Non-legume,Non-legume
Acanthocladus,No,n/a,No,Non-legume,Non-legume
Acanthosicyos,No,n/a,No,Non-legume,Non-legume
Achudemia,No,n/a,No,Non-legume,Non-legume
Actinostemma,No,n/a,No,Non-legume,Non-legume
Adenostoma,No,n/a,No,Non-legume,Non-legume
Adolphia,Yes,Actinorhizal,No,Non-legume,Non-legume
Agrimonia,No,n/a,No,Non-legume,Non-legume
Alchemilla,No,n/a,No,Non-legume,Non-legume
Alfaroa,No,n/a,No,Non-legume,Non-legume
Alfaropsis,No,n/a,No,Non-legume,Non-legume
Allocasuarina,Yes,Actinorhizal,No,Non-legume,Non-legume
Alnus,Yes,Actinorhizal,No,Non-legume,Non-legume
Alphitonia,No,n/a,No,Non-legume,Non-legume
Alsomitra,No,n/a,No,Non-legume,Non-legume
Alvimiantha,No,n/a,No,Non-legume,Non-legume
Amelanchier,No,n/a,No,Non-legume,Non-legume
Amelasorbus,No,n/a,No,Non-legume,Non-legume
Ampelocera,No,n/a,No,Non-legume,Non-legume
Ampelosicyos,No,n/a,No,Non-legume,Non-legume
Ampelosycios,No,n/a,No,Non-legume,Non-legume
Ampelozizyphus,No,n/a,No,Non-legume,Non-legume
Anacaona,No,n/a,No,Non-legume,Non-legume
Anangia,No,n/a,No,Non-legume,Non-legume
Ancylotropis,No,n/a,No,Non-legume,Non-legume
Anisophyllea,No,n/a,No,Non-legume,Non-legume
Antiaris,No,n/a,No,Non-legume,Non-legume
Antiaropsis,No,n/a,No,Non-legume,Non-legume
Aphananthe,No,n/a,No,Non-legume,Non-legume
Aphanes,No,n/a,No,Non-legume,Non-legume
Apodanthera,No,n/a,No,Non-legume,Non-legume
Apodanthes,No,n/a,No,Non-legume,Non-legume
Araracuara,No,n/a,No,Non-legume,Non-legume
Archiboehmeria,No,n/a,No,Non-legume,Non-legume
Aremonia,No,n/a,No,Non-legume,Non-legume
Armeniaca,No,n/a,No,Non-legume,Non-legume
Armenoprunus,No,n/a,No,Non-legume,Non-legume
Aronia,No,n/a,No,Non-legume,Non-legume
Artocarpus,No,n/a,No,Non-legume,Non-legume
Aruncus,No,n/a,No,Non-legume,Non-legume
Astrothalamus,No,n/a,No,Non-legume,Non-legume
Atroxima,No,n/a,No,Non-legume,Non-legume
Auerodendron,No,n/a,No,Non-legume,Non-legume
Australina,No,n/a,No,Non-legume,Non-legume
Austrobryonia,No,n/a,No,Non-legume,Non-legume
Badiera,No,n/a,No,Non-legume,Non-legume
Bagassa,No,n/a,No,Non-legume,Non-legume
Baijiania,No,n/a,No,Non-legume,Non-legume
Balgoya,No,n/a,No,Non-legume,Non-legume
Bambekea,No,n/a,No,Non-legume,Non-legume
Barbeya,No,n/a,No,Non-legume,Non-legume
Barnhartia,No,n/a,No,Non-legume,Non-legume
Bathiorhamnus,No,n/a,No,Non-legume,Non-legume
Batidea,No,n/a,No,Non-legume,Non-legume
Batocarpus,No,n/a,No,Non-legume,Non-legume
Bayabusua,No,n/a,No,Non-legume,Non-legume
Begonia,No,n/a,No,Non-legume,Non-legume
Bencomia,No,n/a,No,Non-legume,Non-legume
Benincasa,No,n/a,No,Non-legume,Non-legume
Berchemia,No,n/a,No,Non-legume,Non-legume
Berchemiella,No,n/a,No,Non-legume,Non-legume
Berlinianche,No,n/a,No,Non-legume,Non-legume
Betula,No,n/a,No,Non-legume,Non-legume
Biswarea,No,n/a,No,Non-legume,Non-legume
Blackallia,No,n/a,No,Non-legume,Non-legume
Bleekrodea,No,n/a,No,Non-legume,Non-legume
Boehmeria,No,n/a,No,Non-legume,Non-legume
Bolbostemma,No,n/a,No,Non-legume,Non-legume
Borneosicyos,No,n/a,No,Non-legume,Non-legume
Bosqueiopsis,No,n/a,No,Non-legume,Non-legume
Brandegea,No,n/a,No,Non-legume,Non-legume
Bredemeyera,No,n/a,No,Non-legume,Non-legume
Brosimum,No,n/a,No,Non-legume,Non-legume
Broussonetia,No,n/a,No,Non-legume,Non-legume
Bryonia,No,n/a,No,Non-legume,Non-legume
Cadellia,No,n/a,No,Non-legume,Non-legume
Calaunia,No,n/a,No,Non-legume,Non-legume
Calycophysum,No,n/a,No,Non-legume,Non-legume
Canacomyrica,No,n/a,No,Non-legume,Non-legume
Cannabis,No,n/a,No,Non-legume,Non-legume
Carpinus,No,n/a,No,Non-legume,Non-legume
Carpolobia,No,n/a,No,Non-legume,Non-legume
Carya,No,n/a,No,Non-legume,Non-legume
Castanea,No,n/a,No,Non-legume,Non-legume
Castanopsis,No,n/a,No,Non-legume,Non-legume
Castilla,No,n/a,No,Non-legume,Non-legume
Casuarina,Yes,Actinorhizal,No,Non-legume,Non-legume
Cayaponia,No,n/a,No,Non-legume,Non-legume
Ceanothus,Yes,Actinorhizal,No,Non-legume,Non-legume
Cecropia,No,n/a,No,Non-legume,Non-legume
Celtis,No,n/a,No,Non-legume,Non-legume
Cephalopentandra,No,n/a,No,Non-legume,Non-legume
Cerasiocarpum,No,n/a,No,Non-legume,Non-legume
Cerasus,No,n/a,No,Non-legume,Non-legume
Ceratosanthes,No,n/a,No,Non-legume,Non-legume
Cercocarpus,Yes,Actinorhizal,No,Non-legume,Non-legume
Cerothamnus,No,n/a,No,Non-legume,Non-legume
Ceuthostoma,Yes,Actinorhizal,No,Non-legume,Non-legume
Chaenomeles,No,n/a,No,Non-legume,Non-legume
Chaetachme,No,n/a,No,Non-legume,Non-legume
Chalema,No,n/a,No,Non-legume,Non-legume
Chamabainia,No,n/a,No,Non-legume,Non-legume
Chamaebatia,Yes,Actinorhizal,No,Non-legume,Non-legume
Chamaebatiaria,No,n/a,No,Non-legume,Non-legume
Chamaemeles,No,n/a,No,Non-legume,Non-legume
Chamaerhodos,No,n/a,No,Non-legume,Non-legume
Chaydaia,No,n/a,No,Non-legume,Non-legume
Chrysolepis,No,n/a,No,Non-legume,Non-legume
Cionosicyos,No,n/a,No,Non-legume,Non-legume
Cionosicys,No,n/a,No,Non-legume,Non-legume
Citrullus,No,n/a,No,Non-legume,Non-legume
Clarisia,No,n/a,No,Non-legume,Non-legume
Cliffortia,No,n/a,No,Non-legume,Non-legume
Coccinia,No,n/a,No,Non-legume,Non-legume
Cogniauxia,No,n/a,No,Non-legume,Non-legume
Coleogyne,No,n/a,No,Non-legume,Non-legume
Colletia,Yes,Actinorhizal,No,Non-legume,Non-legume
Colocynthis,No,n/a,No,Non-legume,Non-legume
Colubrina,No,n/a,No,Non-legume,Non-legume
Coluria,No,n/a,No,Non-legume,Non-legume
Comarum,No,n/a,No,Non-legume,Non-legume
Combretocarpus,No,n/a,No,Non-legume,Non-legume
Comesperma,No,n/a,No,Non-legume,Non-legume
Comptonia,Yes,Actinorhizal,No,Non-legume,Non-legume
Condalia,No,n/a,No,Non-legume,Non-legume
Corallocarpus,No,n/a,No,Non-legume,Non-legume
Coriaria,Yes,Actinorhizal,No,Non-legume,Non-legume
Cormonema,No,n/a,No,Non-legume,Non-legume
Corylus,No,n/a,No,Non-legume,Non-legume
Corynocarpus,No,n/a,No,Non-legume,Non-legume
Cotoneaster,No,n/a,No,Non-legume,Non-legume
Coussapoa,No,n/a,No,Non-legume,Non-legume
Cowania,Yes,Actinorhizal,No,Non-legume,Non-legume
Crataegus,No,n/a,No,Non-legume,Non-legume
Crataemespilus,No,n/a,No,Non-legume,Non-legume
Cremastopus,No,n/a,No,Non-legume,Non-legume
Crumenaria,No,n/a,No,Non-legume,Non-legume
Cryptandra,No,n/a,No,Non-legume,Non-legume
Ctenolepis,No,n/a,No,Non-legume,Non-legume
Cucumella,No,n/a,No,Non-legume,Non-legume
Cucumeropsis,No,n/a,No,Non-legume,Non-legume
Cucumis,No,n/a,No,Non-legume,Non-legume
Cucurbita,No,n/a,No,Non-legume,Non-legume
Cucurbitella,No,n/a,No,Non-legume,Non-legume
Cyclanthera,No,n/a,No,Non-legume,Non-legume
Cyclantheropsis,No,n/a,No,Non-legume,Non-legume
Cyclobalanopsis,No,n/a,No,Non-legume,Non-legume
Cyclocarya,No,n/a,No,Non-legume,Non-legume
Cydonia,No,n/a,No,Non-legume,Non-legume
Cylactis,No,n/a,No,Non-legume,Non-legume
Cypholophus,No,n/a,No,Non-legume,Non-legume
Dactyliandra,No,n/a,No,Non-legume,Non-legume
Dasiphora,No,n/a,No,Non-legume,Non-legume
Datisca,Yes,Actinorhizal,No,Non-legume,Non-legume
Debregeasia,No,n/a,No,Non-legume,Non-legume
Dendriopoterium,No,n/a,No,Non-legume,Non-legume
Dendrocnide,No,n/a,No,Non-legume,Non-legume
Dendrosicyos,No,n/a,No,Non-legume,Non-legume
Dichotomanthes,No,n/a,No,Non-legume,Non-legume
Diclidanthera,No,n/a,No,Non-legume,Non-legume
Didymodoxa,No,n/a,No,Non-legume,Non-legume
Dieterlea,No,n/a,No,Non-legume,Non-legume
Diplocyclos,No,n/a,No,Non-legume,Non-legume
Dirachma,No,n/a,No,Non-legume,Non-legume
Discaria,Yes,Actinorhizal,No,Non-legume,Non-legume
Discocnide,No,n/a,No,Non-legume,Non-legume
Docynia,No,n/a,No,Non-legume,Non-legume
Doerpfeldia,No,n/a,No,Non-legume,Non-legume
Dorstenia,No,n/a,No,Non-legume,Non-legume
Doyerea,No,n/a,No,Non-legume,Non-legume
Droguetia,No,n/a,No,Non-legume,Non-legume
Dryas,Yes,Actinorhizal,No,Non-legume,Non-legume
Drymocallis,No,n/a,No,Non-legume,Non-legume
Duchesnea,No,n/a,No,Non-legume,Non-legume
Ecballium,No,n/a,No,Non-legume,Non-legume
Echinocystis,No,n/a,No,Non-legume,Non-legume
Echinopepon,No,n/a,No,Non-legume,Non-legume
Edgaria,No,n/a,No,Non-legume,Non-legume
Elaeagnus,Yes,Actinorhizal,No,Non-legume,Non-legume
Elateriopsis,No,n/a,No,Non-legume,Non-legume
Elatostema,No,n/a,No,Non-legume,Non-legume
Emmenosperma,No,n/a,No,Non-legume,Non-legume
Engelhardia,No,n/a,No,Non-legume,Non-legume
Engelhardtia,No,n/a,No,Non-legume,Non-legume
Epirixanthes,No,n/a,No,Non-legume,Non-legume
Eriandra,No,n/a,No,Non-legume,Non-legume
Eriobotrya,No,n/a,No,Non-legume,Non-legume
Eriolobus,No,n/a,No,Non-legume,Non-legume
Eureiandra,No,n/a,No,Non-legume,Non-legume
Exochorda,No,n/a,No,Non-legume,Non-legume
Fagus,No,n/a,No,Non-legume,Non-legume
Fallugia,No,n/a,No,Non-legume,Non-legume
Fatoua,No,n/a,No,Non-legume,Non-legume
Fevillea,No,n/a,No,Non-legume,Non-legume
Ficus,No,n/a,No,Non-legume,Non-legume
Filipendula,No,n/a,No,Non-legume,Non-legume
Forsskaolea,No,n/a,No,Non-legume,Non-legume
Fragaria,No,n/a,No,Non-legume,Non-legume
Frangula,No,n/a,No,Non-legume,Non-legume
Gerrardanthus,No,n/a,No,Non-legume,Non-legume
Gesnouinia,No,n/a,No,Non-legume,Non-legume
Geum,No,n/a,No,Non-legume,Non-legume
Gibbsia,No,n/a,No,Non-legume,Non-legume
Gillenia,No,n/a,No,Non-legume,Non-legume
Girardinia,No,n/a,No,Non-legume,Non-legume
Gironniera,No,n/a,No,Non-legume,Non-legume
Gomphogyne,No,n/a,No,Non-legume,Non-legume
Gonostegia,No,n/a,No,Non-legume,Non-legume
Gouania,No,n/a,No,Non-legume,Non-legume
Granitites,No,n/a,No,Non-legume,Non-legume
Guilfoylia,No,n/a,No,Non-legume,Non-legume
Gurania,No,n/a,No,Non-legume,Non-legume
Guraniopsis,No,n/a,No,Non-legume,Non-legume
Gymnopetalum,No,n/a,No,Non-legume,Non-legume
Gymnostoma,Yes,Actinorhizal,No,Non-legume,Non-legume
Gynostemma,No,n/a,No,Non-legume,Non-legume
Gyrotaenia,No,n/a,No,Non-legume,Non-legume
Halosicyos,No,n/a,No,Non-legume,Non-legume
Hanburia,No,n/a,No,Non-legume,Non-legume
Haroldiella,No,n/a,No,Non-legume,Non-legume
Hebecarpa,No,n/a,No,Non-legume,Non-legume
Helianthostylis,No,n/a,No,Non-legume,Non-legume
Helicostylis,No,n/a,No,Non-legume,Non-legume
Helinus,No,n/a,No,Non-legume,Non-legume
Helmontia,No,n/a,No,Non-legume,Non-legume
Hemiptelea,No,n/a,No,Non-legume,Non-legume
Hemistylus,No,n/a,No,Non-legume,Non-legume
Hemsleya,No,n/a,No,Non-legume,Non-legume
Herpetospermum,No,n/a,No,Non-legume,Non-legume
Hesperhodos,No,n/a,No,Non-legume,Non-legume
Hesperocnide,No,n/a,No,Non-legume,Non-legume
Hesperomeles,No,n/a,No,Non-legume,Non-legume
Heteromeles,No,n/a,No,Non-legume,Non-legume
Heterosamara,No,n/a,No,Non-legume,Non-legume
Hicoria,No,n/a,No,Non-legume,Non-legume
Hicorius,No,n/a,No,Non-legume,Non-legume
Hillebrandia,No,n/a,No,Non-legume,Non-legume
Hippophae,Yes,Actinorhizal,No,Non-legume,Non-legume
Hodgsonia,No,n/a,No,Non-legume,Non-legume
Holodiscus,No,n/a,No,Non-legume,Non-legume
Holoptelea,No,n/a,No,Non-legume,Non-legume
Horkelia,No,n/a,No,Non-legume,Non-legume
Horkeliella,No,n/a,No,Non-legume,Non-legume
Hovenia,No,n/a,No,Non-legume,Non-legume
Hullettia,No,n/a,No,Non-legume,Non-legume
Humulus,No,n/a,No,Non-legume,Non-legume
Hymenosicyos,No,n/a,No,Non-legume,Non-legume
Ibervillea,No,n/a,No,Non-legume,Non-legume
Indofevillea,No,n/a,No,Non-legume,Non-legume
Ivesia,No,n/a,No,Non-legume,Non-legume
Johnstonalia,No,n/a,No,Non-legume,Non-legume
Juglans,No,n/a,No,Non-legume,Non-legume
Kageneckia,No,n/a,No,Non-legume,Non-legume
Karwinskia,No,n/a,No,Non-legume,Non-legume
Kedrostis,No,n/a,No,Non-legume,Non-legume
Kelseya,No,n/a,No,Non-legume,Non-legume
Kentrothamnus,Yes,Actinorhizal,No,Non-legume,Non-legume
Kerria,No,n/a,No,Non-legume,Non-legume
Krugiodendron,No,n/a,No,Non-legume,Non-legume
Lagenaria,No,n/a,No,Non-legume,Non-legume
Laportea,No,n/a,No,Non-legume,Non-legume
Lasiodiscus,No,n/a,No,Non-legume,Non-legume
Lecanthus,No,n/a,No,Non-legume,Non-legume
Lemurosicyos,No,n/a,No,Non-legume,Non-legume
Lepargyrea,No,n/a,No,Non-legume,Non-legume
Leucosidea,No,n/a,No,Non-legume,Non-legume
Leucosyke,No,n/a,No,Non-legume,Non-legume
Lindleya,No,n/a,No,Non-legume,Non-legume
Linnaeosicyos,No,n/a,No,Non-legume,Non-legume
Lithocarpus,No,n/a,No,Non-legume,Non-legume
Lozanella,No,n/a,No,Non-legume,Non-legume
Luetkea,No,n/a,No,Non-legume,Non-legume
Luffa,No,n/a,No,Non-legume,Non-legume
Lyonothamnus,No,n/a,No,Non-legume,Non-legume
Maclura,No,n/a,No,Non-legume,Non-legume
Maddenia,No,n/a,No,Non-legume,Non-legume
Maesopsis,No,n/a,No,Non-legume,Non-legume
Malacomeles,No,n/a,No,Non-legume,Non-legume
Malaisia,No,n/a,No,Non-legume,Non-legume
Malus,No,n/a,No,Non-legume,Non-legume
Maoutia,No,n/a,No,Non-legume,Non-legume
Maquira,No,n/a,No,Non-legume,Non-legume
Marah,No,n/a,No,Non-legume,Non-legume
Margyricarpus,No,n/a,No,Non-legume,Non-legume
Megarrhiza,No,n/a,No,Non-legume,Non-legume
Melancium,No,n/a,No,Non-legume,Non-legume
Melothria,No,n/a,No,Non-legume,Non-legume
Mesogyne,No,n/a,No,Non-legume,Non-legume
Mespilus,No,n/a,No,Non-legume,Non-legume
Metatrophis,No,n/a,No,Non-legume,Non-legume
Micrampelis,No,n/a,No,Non-legume,Non-legume
Microlagenaria,No,n/a,No,Non-legume,Non-legume
Microsechium,No,n/a,No,Non-legume,Non-legume
Milicia,No,n/a,No,Non-legume,Non-legume
Momordica,No,n/a,No,Non-legume,Non-legume
Monnina,No,n/a,No,Non-legume,Non-legume
Morella,Yes,Actinorhizal,No,Non-legume,Non-legume
Morus,No,n/a,No,Non-legume,Non-legume
Moutabea,No,n/a,No,Non-legume,Non-legume
Muellerargia,No,n/a,No,Non-legume,Non-legume
Mukia,No,n/a,No,Non-legume,Non-legume
Muraltia,No,n/a,No,Non-legume,Non-legume
Musanga,No,n/a,No,Non-legume,Non-legume
Myrianthus,No,n/a,No,Non-legume,Non-legume
Myrica,Yes,Actinorhizal,No,Non-legume,Non-legume
Myriocarpa,No,n/a,No,Non-legume,Non-legume
Nanocnide,No,n/a,No,Non-legume,Non-legume
Naucleopsis,No,n/a,No,Non-legume,Non-legume
Neillia,No,n/a,No,Non-legume,Non-legume
Neoachmandra,No,n/a,No,Non-legume,Non-legume
Neoalsomitra,No,n/a,No,Non-legume,Non-legume
Neodistemon,No,n/a,No,Non-legume,Non-legume
Neraudia,No,n/a,No,Non-legume,Non-legume
Nesiota,No,n/a,No,Non-legume,Non-legume
Noltea,No,n/a,No,Non-legume,Non-legume
Nothocnide,No,n/a,No,Non-legume,Non-legume
Nothofagus,No,n/a,No,Non-legume,Non-legume
Notholithocarpus,No,n/a,No,Non-legume,Non-legume
Nuttallia,No,n/a,No,Non-legume,Non-legume
Nylandtia,No,n/a,No,Non-legume,Non-legume
Obetia,No,n/a,No,Non-legume,Non-legume
Ochetophila,No,n/a,No,Non-legume,Non-legume
Octomeles,No,n/a,No,Non-legume,Non-legume
Odosicyos,No,n/a,No,Non-legume,Non-legume
Oemleria,No,n/a,No,Non-legume,Non-legume
Oreocnide,No,n/a,No,Non-legume,Non-legume
Oreomunnea,No,n/a,No,Non-legume,Non-legume
Oreosyce,No,n/a,No,Non-legume,Non-legume
Orthurus,No,n/a,No,Non-legume,Non-legume
Osteomeles,No,n/a,No,Non-legume,Non-legume
Ostrya,No,n/a,No,Non-legume,Non-legume
Ostryopsis,No,n/a,No,Non-legume,Non-legume
Paliurus,No,n/a,No,Non-legume,Non-legume
Parasicyos,No,n/a,No,Non-legume,Non-legume
Parasponia,Yes,Rhizobial,No,Non-legume,Non-legume
Parietaria,No,n/a,No,Non-legume,Non-legume
Pellionia,No,n/a,No,Non-legume,Non-legume
Pentactina,No,n/a,No,Non-legume,Non-legume
Pentaphylloides,No,n/a,No,Non-legume,Non-legume
Pentaphyllum,No,n/a,No,Non-legume,Non-legume
Pepo,No,n/a,No,Non-legume,Non-legume
Peponium,No,n/a,No,Non-legume,Non-legume
Peponopsis,No,n/a,No,Non-legume,Non-legume
Peraphyllum,No,n/a,No,Non-legume,Non-legume
Perebea,No,n/a,No,Non-legume,Non-legume
Petelotiella,No,n/a,No,Non-legume,Non-legume
Petrophytum,No,n/a,No,Non-legume,Non-legume
Phenax,No,n/a,No,Non-legume,Non-legume
Photinia,No,n/a,No,Non-legume,Non-legume
Phylica,No,n/a,No,Non-legume,Non-legume
Phyllostylon,No,n/a,No,Non-legume,Non-legume
Physocarpus,No,n/a,No,Non-legume,Non-legume
Pilea,No,n/a,No,Non-legume,Non-legume
Pilogyne,No,n/a,No,Non-legume,Non-legume
Pilostaxis,No,n/a,No,Non-legume,Non-legume
Pilostyles,No,n/a,No,Non-legume,Non-legume
Pipturus,No,n/a,No,Non-legume,Non-legume
Planera,No,n/a,No,Non-legume,Non-legume
Platycarya,No,n/a,No,Non-legume,Non-legume
Poga,No,n/a,No,Non-legume,Non-legume
Poikilospermum,No,n/a,No,Non-legume,Non-legume
Polyclathra,No,n/a,No,Non-legume,Non-legume
Polygala,No,n/a,No,Non-legume,Non-legume
Polygaloides,No,n/a,No,Non-legume,Non-legume
Polygonanthus,No,n/a,No,Non-legume,Non-legume
Polylepis,No,n/a,No,Non-legume,Non-legume
Pomaderris,No,n/a,No,Non-legume,Non-legume
Potentilla,No,n/a,No,Non-legume,Non-legume
Poulsenia,No,n/a,No,Non-legume,Non-legume
Pourouma,No,n/a,No,Non-legume,Non-legume
Pouzolzia,No,n/a,No,Non-legume,Non-legume
Praecitrullus,No,n/a,No,Non-legume,Non-legume
Prinsepia,No,n/a,No,Non-legume,Non-legume
Procris,No,n/a,No,Non-legume,Non-legume
Prunus,No,n/a,No,Non-legume,Non-legume
Pseudocyclanthera,No,n/a,No,Non-legume,Non-legume
Pseudolmedia,No,n/a,No,Non-legume,Non-legume
Pseudomorus,No,n/a,No,Non-legume,Non-legume
Pseudosicydium,No,n/a,No,Non-legume,Non-legume
Psiguria,No,n/a,No,Non-legume,Non-legume
Pterocarya,No,n/a,No,Non-legume,Non-legume
Pteroceltis,No,n/a,No,Non-legume,Non-legume
Pteromonnina,No,n/a,No,Non-legume,Non-legume
Pteropepon,No,n/a,No,Non-legume,Non-legume
Purshia,Yes,Actinorhizal,No,Non-legume,Non-legume
Pyracantha,No,n/a,No,Non-legume,Non-legume
Pyrus,No,n/a,No,Non-legume,Non-legume
Quercus,No,n/a,No,Non-legume,Non-legume
Quillaja,No,n/a,No,Non-legume,Non-legume
Raphidiocystis,No,n/a,No,Non-legume,Non-legume
Recchia,No,n/a,No,Non-legume,Non-legume
Reissekia,No,n/a,No,Non-legume,Non-legume
Retanilla,Yes,Actinorhizal,No,Non-legume,Non-legume
Reynosia,No,n/a,No,Non-legume,Non-legume
Rhamnella,No,n/a,No,Non-legume,Non-legume
Rhamnidium,No,n/a,No,Non-legume,Non-legume
Rhamnus,No,n/a,No,Non-legume,Non-legume
Rhaphiolepis,No,n/a,No,Non-legume,Non-legume
Rhinotropis,No,n/a,No,Non-legume,Non-legume
Rhodotypos,No,n/a,No,Non-legume,Non-legume
Rhoiptelea,No,n/a,No,Non-legume,Non-legume
Robinsoniodendron,No,n/a,No,Non-legume,Non-legume
Rosa,No,n/a,No,Non-legume,Non-legume
Rousselia,No,n/a,No,Non-legume,Non-legume
Rubus,No,n/a,No,Non-legume,Non-legume
Ruthalicia,No,n/a,No,Non-legume,Non-legume
Rytidostylis,No,n/a,No,Non-legume,Non-legume
Sageretia,No,n/a,No,Non-legume,Non-legume
Salomonia,No,n/a,No,Non-legume,Non-legume
Sanguisorba,No,n/a,No,Non-legume,Non-legume
Sarcochlamys,No,n/a,No,Non-legume,Non-legume
Sarcomphalus,No,n/a,No,Non-legume,Non-legume
Sarcopilea,No,n/a,No,Non-legume,Non-legume
Sarcopoterium,No,n/a,No,Non-legume,Non-legume
Schistocarpaea,No,n/a,No,Non-legume,Non-legume
Schizocarpum,No,n/a,No,Non-legume,Non-legume
Schizopepon,No,n/a,No,Non-legume,Non-legume
Scopella,No,n/a,No,Non-legume,Non-legume
Scopellaria,No,n/a,No,Non-legume,Non-legume
Scutia,No,n/a,No,Non-legume,Non-legume
Scyphosyce,No,n/a,No,Non-legume,Non-legume
Sechiopsis,No,n/a,No,Non-legume,Non-legume
Sechium,No,n/a,No,Non-legume,Non-legume
Securidaca,No,n/a,No,Non-legume,Non-legume
Selysia,No,n/a,No,Non-legume,Non-legume
Seyrigia,No,n/a,No,Non-legume,Non-legume
Shepherdia,Yes,Actinorhizal,No,Non-legume,Non-legume
Sibbaldia,No,n/a,No,Non-legume,Non-legume
Sibbaldianthe,No,n/a,No,Non-legume,Non-legume
Sibbaldiopsis,No,n/a,No,Non-legume,Non-legume
Sibiraea,No,n/a,No,Non-legume,Non-legume
Sicana,No,n/a,No,Non-legume,Non-legume
Sicydium,No,n/a,No,Non-legume,Non-legume
Sicyocarya,No,n/a,No,Non-legume,Non-legume
Sicyocaulis,No,n/a,No,Non-legume,Non-legume
Sicyos,No,n/a,No,Non-legume,Non-legume
Sicyosperma,No,n/a,No,Non-legume,Non-legume
Sieversia,No,n/a,No,Non-legume,Non-legume
Sinobaijiania,No,n/a,No,Non-legume,Non-legume
Siolmatra,No,n/a,No,Non-legume,Non-legume
Siraitia,No,n/a,No,Non-legume,Non-legume
Skottsbergiliana,No,n/a,No,Non-legume,Non-legume
Sloetiopsis,No,n/a,No,Non-legume,Non-legume
Smythea,No,n/a,No,Non-legume,Non-legume
Soleirolia,No,n/a,No,Non-legume,Non-legume
Solena,No,n/a,No,Non-legume,Non-legume
Sorbaria,No,n/a,No,Non-legume,Non-legume
Sorbaronia,No,n/a,No,Non-legume,Non-legume
Sorbocotoneaster,No,n/a,No,Non-legume,Non-legume
Sorbopyrus,No,n/a,No,Non-legume,Non-legume
Sorbus,No,n/a,No,Non-legume,Non-legume
Sorocea,No,n/a,No,Non-legume,Non-legume
Spenceria,No,n/a,No,Non-legume,Non-legume
Spiraea,No,n/a,No,Non-legume,Non-legume
Spiraeanthus,No,n/a,No,Non-legume,Non-legume
Spyridium,No,n/a,No,Non-legume,Non-legume
Stenanthemum,No,n/a,No,Non-legume,Non-legume
Stephanandra,No,n/a,No,Non-legume,Non-legume
Streblus,No,n/a,No,Non-legume,Non-legume
Suriana,No,n/a,No,Non-legume,Non-legume
Taxotrophis,No,n/a,No,Non-legume,Non-legume
Tecunumania,No,n/a,No,Non-legume,Non-legume
Telfairia,No,n/a,No,Non-legume,Non-legume
Tetraglochin,No,n/a,No,Non-legume,Non-legume
Tetrameles,No,n/a,No,Non-legume,Non-legume
Thladiantha,No,n/a,No,Non-legume,Non-legume
Ticodendron,No,n/a,No,Non-legume,Non-legume
Touchardia,No,n/a,No,Non-legume,Non-legume
Toxylon,No,n/a,No,Non-legume,Non-legume
Treculia,No,n/a,No,Non-legume,Non-legume
Trema,No,n/a,No,Non-legume,Non-legume
Trevoa,Yes,Actinorhizal,No,Non-legume,Non-legume
Trichocephalus,No,n/a,No,Non-legume,Non-legume
Trichosanthes,No,n/a,No,Non-legume,Non-legume
Triclisperma,No,n/a,No,Non-legume,Non-legume
Tricyclandra,No,n/a,No,Non-legume,Non-legume
Trigonobalanus,No,n/a,No,Non-legume,Non-legume
Trilepisium,No,n/a,No,Non-legume,Non-legume
Trochomeria,No,n/a,No,Non-legume,Non-legume
Trochomeriopsis,No,n/a,No,Non-legume,Non-legume
Trophis,No,n/a,No,Non-legume,Non-legume
Trymalium,No,n/a,No,Non-legume,Non-legume
Trymatococcus,No,n/a,No,Non-legume,Non-legume
Tumamoca,No,n/a,No,Non-legume,Non-legume
Ulmus,No,n/a,No,Non-legume,Non-legume
Urera,No,n/a,No,Non-legume,Non-legume
Urtica,No,n/a,No,Non-legume,Non-legume
Urticastrum,No,n/a,No,Non-legume,Non-legume
Utsetela,No,n/a,No,Non-legume,Non-legume
Vanieria,No,n/a,No,Non-legume,Non-legume
Vaseyanthus,No,n/a,No,Non-legume,Non-legume
Vauquelinia,No,n/a,No,Non-legume,Non-legume
Ventilago,No,n/a,No,Non-legume,Non-legume
Villebrunea,No,n/a,No,Non-legume,Non-legume
Waldsteinia,No,n/a,No,Non-legume,Non-legume
Wilbrandia,No,n/a,No,Non-legume,Non-legume
Woronowia,No,n/a,No,Non-legume,Non-legume
Xanthophyllum,No,n/a,No,Non-legume,Non-legume
Xerosicyos,No,n/a,No,Non-legume,Non-legume
Xerospiraea,No,n/a,No,Non-legume,Non-legume
Zanonia,No,n/a,No,Non-legume,Non-legume
Zehneria,No,n/a,No,Non-legume,Non-legume
Zelkova,No,n/a,No,Non-legume,Non-legume
Ziziphus,No,n/a,No,Non-legume,Non-legume
Zygosicyos,No,n/a,No,Non-legume,Papilionoideae
Abrus,Yes,Rhizobial,Yes,Papilionoideae,Papilionoideae
Acmispon,Yes,Rhizobial,Yes,Papilionoideae,Papilionoideae
Acosmium,Yes,Rhizobial,Yes,Papilionoideae,Papilionoideae
Adenocarpus,Yes,Rhizobial,Yes,Papilionoideae,Papilionoideae
Adenodolichos,Yes,Rhizobial,Yes,Papilionoideae,Papilionoideae
Adesmia,Yes,Rhizobial,Yes,Papilionoideae,Papilionoideae
Aenictophyton,Unknown,n/a,Yes,Papilionoideae,Papilionoideae
Aeschynomene,Yes,Rhizobial,Yes,Papilionoideae,Papilionoideae
Afgekia,Yes,Rhizobial,Yes,Papilionoideae,Papilionoideae
Aganope,Yes,Rhizobial,Yes,Papilionoideae,Papilionoideae
Airyantha,Yes,Rhizobial,Yes,Papilionoideae,Papilionoideae
Akschindlium,Unknown,n/a,Yes,Papilionoideae,Papilionoideae
Aldina,No,n/a,Yes,Papilionoideae,Papilionoideae
Alexa,No,n/a,Yes,Papilionoideae,Papilionoideae
Alhagi,Yes,Rhizobial,Yes,Papilionoideae,Papilionoideae
Alistilus,Yes,Rhizobial,Yes,Papilionoideae,Papilionoideae
Almaleea,Yes,Rhizobial,Yes,Papilionoideae,Papilionoideae
Alysicarpus,Yes,Rhizobial,Yes,Papilionoideae,Papilionoideae
Amburana,No,n/a,Yes,Papilionoideae,Papilionoideae
Amicia,Yes,Rhizobial,Yes,Papilionoideae,Papilionoideae
Ammodendron,Yes,Rhizobial,Yes,Papilionoideae,Papilionoideae
Ammopiptanthus,Yes,Rhizobial,Yes,Papilionoideae,Papilionoideae
Amorpha,Yes,Rhizobial,Yes,Papilionoideae,Papilionoideae
Amphicarpaea,Yes,Rhizobial,Yes,Papilionoideae,Papilionoideae
Amphimas,No,n/a,Yes,Papilionoideae,Papilionoideae
Amphiodon,Yes,Rhizobial,Yes,Papilionoideae,Papilionoideae
Amphithalea,Yes,Rhizobial,Yes,Papilionoideae,Papilionoideae
Anarthrophyllum,Yes,Rhizobial,Yes,Papilionoideae,Papilionoideae
Ancistrotropis,Yes,Rhizobial,Yes,Papilionoideae,Papilionoideae
Andira,Yes,Rhizobial,Yes,Papilionoideae,Papilionoideae
Angylocalyx,No,n/a,Yes,Papilionoideae,Papilionoideae
Antheroporum,Yes,Rhizobial,Yes,Papilionoideae,Papilionoideae
Anthyllis,Yes,Rhizobial,Yes,Papilionoideae,Papilionoideae
Antopetitia,Yes,Rhizobial,Yes,Papilionoideae,Papilionoideae
Aotus,Yes,Rhizobial,Yes,Papilionoideae,Papilionoideae
Apios,Yes,Rhizobial,Yes,Papilionoideae,Papilionoideae
Apoplanesia,Yes,Rhizobial,Yes,Papilionoideae,Papilionoideae
Apurimacia,Yes,Rhizobial,Yes,Papilionoideae,Papilionoideae
Arachis,Yes,Rhizobial,Yes,Papilionoideae,Papilionoideae
Argyrocytisus,Yes,Rhizobial,Yes,Papilionoideae,Papilionoideae
Argyrolobium,Yes,Rhizobial,Yes,Papilionoideae,Papilionoideae
Arthroclianthus,Unknown,n/a,Yes,Papilionoideae,Papilionoideae
Aspalathus,Yes,Rhizobial,Yes,Papilionoideae,Papilionoideae
Astragalus,Yes,Rhizobial,Yes,Papilionoideae,Papilionoideae
Ateleia,Yes,Rhizobial,Yes,Papilionoideae,Papilionoideae
Austrodolichos,Yes,Rhizobial,Yes,Papilionoideae,Papilionoideae
Austrosteenisia,Yes,Rhizobial,Yes,Papilionoideae,Papilionoideae
Baphia,Yes,Rhizobial,Yes,Papilionoideae,Papilionoideae
Baphiastrum,Yes,Rhizobial,Yes,Papilionoideae,Papilionoideae
Baphiopsis,No,n/a,Yes,Papilionoideae,Papilionoideae
Baptisia,Yes,Rhizobial,Yes,Papilionoideae,Papilionoideae
Barbieria,Yes,Rhizobial,Yes,Papilionoideae,Papilionoideae
Behaimia,Yes,Rhizobial,Yes,Papilionoideae,Papilionoideae
Biserrula,Yes,Rhizobial,Yes,Papilionoideae,Papilionoideae
Bituminaria,Yes,Rhizobial,Yes,Papilionoideae,Papilionoideae
Bobgunnia,Yes,Rhizobial,Yes,Papilionoideae,Papilionoideae
Bocoa,No,n/a,Yes,Papilionoideae,Papilionoideae
Bolusafra,Yes,Rhizobial,Yes,Papilionoideae,Papilionoideae
Bolusanthus,Yes,Rhizobial,Yes,Papilionoideae,Papilionoideae
Bolusia,Yes,Rhizobial,Yes,Papilionoideae,Papilionoideae
Bossiaea,Yes,Rhizobial,Yes,Papilionoideae,Papilionoideae
Bouffordia,Yes,Rhizobial,Yes,Papilionoideae,Papilionoideae
Bowdichia,Yes,Rhizobial,Yes,Papilionoideae,Papilionoideae
Bowringia,Yes,Rhizobial,Yes,Papilionoideae,Papilionoideae
Brongniartia,Yes,Rhizobial,Yes,Papilionoideae,Papilionoideae
Brya,Yes,Rhizobial,Yes,Papilionoideae,Papilionoideae
Bryaspis,Yes,Rhizobial,Yes,Papilionoideae,Papilionoideae
Butea,No,n/a,Yes,Papilionoideae,Papilionoideae
Cadia,Yes,Rhizobial,Yes,Papilionoideae,Papilionoideae
Cajanus,Yes,Rhizobial,Yes,Papilionoideae,Papilionoideae
Calicotome,Yes,Rhizobial,Yes,Papilionoideae,Papilionoideae
Callerya,Yes,Rhizobial,Yes,Papilionoideae,Papilionoideae
Calobota,Yes,Rhizobial,Yes,Papilionoideae,Papilionoideae
Calophaca,Yes,Rhizobial,Yes,Papilionoideae,Papilionoideae
Calopogonium,Yes,Rhizobial,Yes,Papilionoideae,Papilionoideae
Calpurnia,Yes,Rhizobial,Yes,Papilionoideae,Papilionoideae
Camoensia,Yes,Rhizobial,Yes,Papilionoideae,Papilionoideae
Camptosema,Yes,Rhizobial,Yes,Papilionoideae,Papilionoideae
Campylotropis,Yes,Rhizobial,Yes,Papilionoideae,Papilionoideae
Canavalia,Yes,Rhizobial,Yes,Papilionoideae,Papilionoideae
Caragana,Yes,Rhizobial,Yes,Papilionoideae,Papilionoideae
Carmichaelia,Yes,Rhizobial,Yes,Papilionoideae,Papilionoideae
Cascaronia,Unknown,n/a,Yes,Papilionoideae,Papilionoideae
Castanospermum,No,n/a,Yes,Papilionoideae,Papilionoideae
Centrolobium,Yes,Rhizobial,Yes,Papilionoideae,Papilionoideae
Centrosema,Yes,Rhizobial,Yes,Papilionoideae,Papilionoideae
Chadsia,Yes,Rhizobial,Yes,Papilionoideae,Papilionoideae
Chaetocalyx,No,n/a,Yes,Papilionoideae,Papilionoideae
Chamaecytisus,Yes,Rhizobial,Yes,Papilionoideae,Papilionoideae
Chapmannia,Yes,Rhizobial,Yes,Papilionoideae,Papilionoideae
Chesneya,Yes,Rhizobial,Yes,Papilionoideae,Papilionoideae
Chorizema,Yes,Rhizobial,Yes,Papilionoideae,Papilionoideae
Christia,Yes,Rhizobial,Yes,Papilionoideae,Papilionoideae
Cicer,Yes,Rhizobial,Yes,Papilionoideae,Papilionoideae
Cladrastis,No,n/a,Yes,Papilionoideae,Papilionoideae
Clathrotropis,Yes,Rhizobial,Yes,Papilionoideae,Papilionoideae
Cleobulia,Yes,Rhizobial,Yes,Papilionoideae,Papilionoideae
Clianthus,Yes,Rhizobial,Yes,Papilionoideae,Papilionoideae
Clitoria,Yes,Rhizobial,Yes,Papilionoideae,Papilionoideae
Cochlianthus,Yes,Rhizobial,Yes,Papilionoideae,Papilionoideae
Cochliasanthus,Yes,Rhizobial,Yes,Papilionoideae,Papilionoideae
Codariocalyx,Yes,Rhizobial,Yes,Papilionoideae,Papilionoideae
Collaea,Yes,Rhizobial,Yes,Papilionoideae,Papilionoideae
Cologania,Yes,Rhizobial,Yes,Papilionoideae,Papilionoideae
Colutea,Yes,Rhizobial,Yes,Papilionoideae,Papilionoideae
Condylostylis,Yes,Rhizobial,Yes,Papilionoideae,Papilionoideae
Cordyla,No,n/a,Yes,Papilionoideae,Papilionoideae
Corethrodendron,Yes,Rhizobial,Yes,Papilionoideae,Papilionoideae
Coronilla,Yes,Rhizobial,Yes,Papilionoideae,Papilionoideae
Coursetia,Yes,Rhizobial,Yes,Papilionoideae,Papilionoideae
Craibia,Yes,Rhizobial,Yes,Papilionoideae,Papilionoideae
Cranocarpus,Yes,Rhizobial,Yes,Papilionoideae,Papilionoideae
Craspedolobium,Yes,Rhizobial,Yes,Papilionoideae,Papilionoideae
Cratylia,Yes,Rhizobial,Yes,Papilionoideae,Papilionoideae
Cristonia,Yes,Rhizobial,Yes,Papilionoideae,Papilionoideae
Crotalaria,Yes,Rhizobial,Yes,Papilionoideae,Papilionoideae
Cullen,Yes,Rhizobial,Yes,Papilionoideae,Papilionoideae
Cyamopsis,Yes,Rhizobial,Yes,Papilionoideae,Papilionoideae
Cyathostegia,Yes,Rhizobial,Yes,Papilionoideae,Papilionoideae
Cyclocarpa,Yes,Rhizobial,Yes,Papilionoideae,Papilionoideae
Cyclolobium,Yes,Rhizobial,Yes,Papilionoideae,Papilionoideae
Cyclopia,Yes,Rhizobial,Yes,Papilionoideae,Papilionoideae
Cytisophyllum,Yes,Rhizobial,Yes,Papilionoideae,Papilionoideae
Cytisopsis,Yes,Rhizobial,Yes,Papilionoideae,Papilionoideae
Cytisus,Yes,Rhizobial,Yes,Papilionoideae,Papilionoideae
Dahlstedtia,Yes,Rhizobial,Yes,Papilionoideae,Papilionoideae
Dalbergia,Yes,Rhizobial,Yes,Papilionoideae,Papilionoideae
Dalbergiella,Yes,Rhizobial,Yes,Papilionoideae,Papilionoideae
Dalea,Yes,Rhizobial,Yes,Papilionoideae,Papilionoideae
Dalhousiea,No,n/a,Yes,Papilionoideae,Papilionoideae
Daviesia,Yes,Rhizobial,Yes,Papilionoideae,Papilionoideae
Decorsea,Yes,Rhizobial,Yes,Papilionoideae,Papilionoideae
Deguelia,Yes,Rhizobial,Yes,Papilionoideae,Papilionoideae
Dendrolobium,Yes,Rhizobial,Yes,Papilionoideae,Papilionoideae
Dermatophyllum,Yes,Rhizobial,Yes,Papilionoideae,Papilionoideae
Derris,Yes,Rhizobial,Yes,Papilionoideae,Papilionoideae
Desmodiopsis,Yes,Rhizobial,Yes,Papilionoideae,Papilionoideae
Desmodium,Yes,Rhizobial,Yes,Papilionoideae,Papilionoideae
Dewevrea,Yes,Rhizobial,Yes,Papilionoideae,Papilionoideae
Dichilus,Yes,Rhizobial,Yes,Papilionoideae,Papilionoideae
Dicraeopetalum,Yes,Rhizobial,Yes,Papilionoideae,Papilionoideae
Dillwynia,Yes,Rhizobial,Yes,Papilionoideae,Papilionoideae
Dioclea,Yes,Rhizobial,Yes,Papilionoideae,Papilionoideae
Diphyllarium,Unknown,n/a,Yes,Papilionoideae,Papilionoideae
Diphysa,Yes,Rhizobial,Yes,Papilionoideae,Papilionoideae
Diplotropis,Yes,Rhizobial,Yes,Papilionoideae,Papilionoideae
Dipogon,Yes,Rhizobial,Yes,Papilionoideae,Papilionoideae
Dipteryx,No,n/a,Yes,Papilionoideae,Papilionoideae
Discolobium,Yes,Rhizobial,Yes,Papilionoideae,Papilionoideae
Disynstemon,Yes,Rhizobial,Yes,Papilionoideae,Papilionoideae
Dolichopsis,Yes,Rhizobial,Yes,Papilionoideae,Papilionoideae
Dolichos,Yes,Rhizobial,Yes,Papilionoideae,Papilionoideae
Dorycnopsis,Yes,Rhizobial,Yes,Papilionoideae,Papilionoideae
Droogmansia,Yes,Rhizobial,Yes,Papilionoideae,Papilionoideae
Dumasia,Yes,Rhizobial,Yes,Papilionoideae,Papilionoideae
Dunbaria,Yes,Rhizobial,Yes,Papilionoideae,Papilionoideae
Dupuya,No,n/a,Yes,Papilionoideae,Papilionoideae
Dussia,Yes,Rhizobial,Yes,Papilionoideae,Papilionoideae
Dysolobium,Yes,Rhizobial,Yes,Papilionoideae,Papilionoideae
Ebenus,Yes,Rhizobial,Yes,Papilionoideae,Papilionoideae
Echinospartum,Yes,Rhizobial,Yes,Papilionoideae,Papilionoideae
Eleiotis,Yes,Rhizobial,Yes,Papilionoideae,Papilionoideae
Eminia,Yes,Rhizobial,Yes,Papilionoideae,Papilionoideae
Endosamara,Yes,Rhizobial,Yes,Papilionoideae,Papilionoideae
Eremosparton,Yes,Rhizobial,Yes,Papilionoideae,Papilionoideae
Erinacea,Unknown,n/a,Yes,Papilionoideae,Papilionoideae
Eriosema,Yes,Rhizobial,Yes,Papilionoideae,Papilionoideae
Erophaca,Yes,Rhizobial,Yes,Papilionoideae,Papilionoideae
Errazurizia,Yes,Rhizobial,Yes,Papilionoideae,Papilionoideae
Erythrina,Yes,Rhizobial,Yes,Papilionoideae,Papilionoideae
Euchilopsis,Yes,Rhizobial,Yes,Papilionoideae,Papilionoideae
Euchlora,Yes,Rhizobial,Yes,Papilionoideae,Papilionoideae
Eutaxia,Yes,Rhizobial,Yes,Papilionoideae,Papilionoideae
Eversmannia,Yes,Rhizobial,Yes,Papilionoideae,Papilionoideae
Exostyles,No,n/a,Yes,Papilionoideae,Papilionoideae
Eysenhardtia,Yes,Rhizobial,Yes,Papilionoideae,Papilionoideae
Fiebrigiella,Unknown,n/a,Yes,Papilionoideae,Papilionoideae
Fissicalyx,Yes,Rhizobial,Yes,Papilionoideae,Papilionoideae
Flemingia,Yes,Rhizobial,Yes,Papilionoideae,Papilionoideae
Fordia,Yes,Rhizobial,Yes,Papilionoideae,Papilionoideae
Galactia,Yes,Rhizobial,Yes,Papilionoideae,Papilionoideae
Galega,Yes,Rhizobial,Yes,Papilionoideae,Papilionoideae
Gastrolobium,Yes,Rhizobial,Yes,Papilionoideae,Papilionoideae
Genista,Yes,Rhizobial,Yes,Papilionoideae,Papilionoideae
Genistidium,Unknown,n/a,Yes,Papilionoideae,Papilionoideae
Geoffroea,Yes,Rhizobial,Yes,Papilionoideae,Papilionoideae
Gliricidia,Yes,Rhizobial,Yes,Papilionoideae,Papilionoideae
Glycine,Yes,Rhizobial,Yes,Papilionoideae,Papilionoideae
Glycyrrhiza,Yes,Rhizobial,Yes,Papilionoideae,Papilionoideae
Gompholobium,Yes,Rhizobial,Yes,Papilionoideae,Papilionoideae
Greuteria,Yes,Rhizobial,,,Papilionoideae
Grona,Yes,Rhizobial,Yes,Papilionoideae,Papilionoideae
Gueldenstaedtia,Yes,Rhizobial,Yes,Papilionoideae,Papilionoideae
Guianodendron,Yes,Rhizobial,Yes,Papilionoideae,Papilionoideae
Hammatolobium,Unknown,n/a,Yes,Papilionoideae,Papilionoideae
Hanslia,Yes,Rhizobial,Yes,Papilionoideae,Papilionoideae
Haplormosia ,Yes,Rhizobial,Yes,Papilionoideae,Papilionoideae
Harashuteria,Yes,Rhizobial,Yes,Papilionoideae,Papilionoideae
Hardenbergia,Yes,Rhizobial,Yes,Papilionoideae,Papilionoideae
Harpalyce,Yes,Rhizobial,Yes,Papilionoideae,Papilionoideae
Haymondia,Yes,Rhizobial,Yes,Papilionoideae,Papilionoideae
Hebestigma,Yes,Rhizobial,Yes,Papilionoideae,Papilionoideae
Hedysarum,Yes,Rhizobial,Yes,Papilionoideae,Papilionoideae
Hegnera,Yes,Rhizobial,Yes,Papilionoideae,Papilionoideae
Helicotropis,Yes,Rhizobial,Yes,Papilionoideae,Papilionoideae
Herpyza,Yes,Rhizobial,Yes,Papilionoideae,Papilionoideae
Hesperolaburnum,Yes,Rhizobial,Yes,Papilionoideae,Papilionoideae
Hesperothamnus,Yes,Rhizobial,Yes,Papilionoideae,Papilionoideae
Hippocrepis,Yes,Rhizobial,Yes,Papilionoideae,Papilionoideae
Hoita,Yes,Rhizobial,Yes,Papilionoideae,Papilionoideae
Holocalyx,Unknown,n/a,Yes,Papilionoideae,Papilionoideae
Hosackia,Yes,Rhizobial,Yes,Papilionoideae,Papilionoideae
Hovea,Yes,Rhizobial,Yes,Papilionoideae,Papilionoideae
Huangtcia,Yes,Rhizobial,Yes,Papilionoideae,Papilionoideae
Humularia,Yes,Rhizobial,Yes,Papilionoideae,Papilionoideae
Hylodesmum,Yes,Rhizobial,Yes,Papilionoideae,Papilionoideae
Hymenolobium,Yes,Rhizobial,Yes,Papilionoideae,Papilionoideae
Hypocalyptus,Yes,Rhizobial,Yes,Papilionoideae,Papilionoideae
Indigastrum,Yes,Rhizobial,Yes,Papilionoideae,Papilionoideae
Indigofera,Yes,Rhizobial,Yes,Papilionoideae,Papilionoideae
Inocarpus,Yes,Rhizobial,Yes,Papilionoideae,Papilionoideae
Isotropis,Yes,Rhizobial,Yes,Papilionoideae,Papilionoideae
Jacksonia,Yes,Rhizobial,Yes,Papilionoideae,Papilionoideae
Kennedia,Yes,Rhizobial,Yes,Papilionoideae,Papilionoideae
Kotschya,Yes,Rhizobial,Yes,Papilionoideae,Papilionoideae
Kummerowia,Yes,Rhizobial,Yes,Papilionoideae,Papilionoideae
Kunstleria,Yes,Rhizobial,Yes,Papilionoideae,Papilionoideae
Lablab,Yes,Rhizobial,Yes,Papilionoideae,Papilionoideae
Laburnum,Yes,Rhizobial,Yes,Papilionoideae,Papilionoideae
Lackeya ,Yes,Rhizobial,Yes,Papilionoideae,Papilionoideae
Ladeania,Yes,Rhizobial,Yes,Papilionoideae,Papilionoideae
Lamprolobium,Yes,Rhizobial,Yes,Papilionoideae,Papilionoideae
Lathyrus,Yes,Rhizobial,Yes,Papilionoideae,Papilionoideae
Latrobea,Yes,Rhizobial,Yes,Papilionoideae,Papilionoideae
Lebeckia,Yes,Rhizobial,Yes,Papilionoideae,Papilionoideae
Lecointea,No,n/a,Yes,Papilionoideae,Papilionoideae
Lennea,Yes,Rhizobial,Yes,Papilionoideae,Papilionoideae
Lens,Yes,Rhizobial,Yes,Papilionoideae,Papilionoideae
Leobordea,Yes,Rhizobial,Yes,Papilionoideae,Papilionoideae
Leptoderris,Yes,Rhizobial,Yes,Papilionoideae,Papilionoideae
Leptodesmia,Yes,Rhizobial,Yes,Papilionoideae,Papilionoideae
Leptolobium,Yes,Rhizobial,Yes,Papilionoideae,Papilionoideae
Leptosema,Yes,Rhizobial,Yes,Papilionoideae,Papilionoideae
Leptospron,Yes,Rhizobial,Yes,Papilionoideae,Papilionoideae
Lespedeza,Yes,Rhizobial,Yes,Papilionoideae,Papilionoideae
Lessertia,Yes,Rhizobial,Yes,Papilionoideae,Papilionoideae
Limadendron,Yes,Rhizobial,Yes,Papilionoideae,Papilionoideae
Liparia,Yes,Rhizobial,Yes,Papilionoideae,Papilionoideae
Listia ,Yes,Rhizobial,Yes,Papilionoideae,Papilionoideae
Lonchocarpus,Yes,Rhizobial,Yes,Papilionoideae,Papilionoideae
Lotononis,Yes,Rhizobial,Yes,Papilionoideae,Papilionoideae
Lotus,Yes,Rhizobial,Yes,Papilionoideae,Papilionoideae
Luetzelburgia,No,n/a,Yes,Papilionoideae,Papilionoideae
Lupinus,Yes,Rhizobial,Yes,Papilionoideae,Papilionoideae
Maackia,Yes,Rhizobial,Yes,Papilionoideae,Papilionoideae
Machaerium,Yes,Rhizobial,Yes,Papilionoideae,Papilionoideae
Macropsychanthus,Unknown,n/a,Yes,Papilionoideae,Papilionoideae
Macroptilium,Yes,Rhizobial,Yes,Papilionoideae,Papilionoideae
Macrotyloma,Yes,Rhizobial,Yes,Papilionoideae,Papilionoideae
Maraniona,Unknown,n/a,Yes,Papilionoideae,Papilionoideae
Marina,Yes,Rhizobial,Yes,Papilionoideae,Papilionoideae
Mastersia,Yes,Rhizobial,Yes,Papilionoideae,Papilionoideae
Mecopus,No,n/a,Yes,Papilionoideae,Papilionoideae
Medicago,Yes,Rhizobial,Yes,Papilionoideae,Papilionoideae
Melilotus,Yes,Rhizobial,Yes,Papilionoideae,Papilionoideae
Melliniella,Unknown,n/a,Yes,Papilionoideae,Papilionoideae
Melolobium,Yes,Rhizobial,Yes,Papilionoideae,Papilionoideae
Meristotropis,Yes,Rhizobial,Yes,Papilionoideae,Papilionoideae
Microcharis,Yes,Rhizobial,Yes,Papilionoideae,Papilionoideae
Mildbraediodendron,No,n/a,Yes,Papilionoideae,Papilionoideae
Millettia,Yes,Rhizobial,Yes,Papilionoideae,Papilionoideae
Mirbelia,Yes,Rhizobial,Yes,Papilionoideae,Papilionoideae
Monarthrocarpus,Yes,Rhizobial,Yes,Papilionoideae,Papilionoideae
Monopteryx,No,n/a,Yes,Papilionoideae,Papilionoideae
Mucuna,Yes,Rhizobial,Yes,Papilionoideae,Papilionoideae
Muellera,Yes,Rhizobial,Yes,Papilionoideae,Papilionoideae
Muelleranthus,Yes,Rhizobial,Yes,Papilionoideae,Papilionoideae
Mundulea,Yes,Rhizobial,Yes,Papilionoideae,Papilionoideae
Myrocarpus,No,n/a,Yes,Papilionoideae,Papilionoideae
Myrospermum,Yes,Rhizobial,Yes,Papilionoideae,Papilionoideae
Myroxylon,No,n/a,Yes,Papilionoideae,Papilionoideae
Mysanthus,Yes,Rhizobial,Yes,Papilionoideae,Papilionoideae
Neonotonia,Yes,Rhizobial,Yes,Papilionoideae,Papilionoideae
Neorautanenia,Yes,Rhizobial,Yes,Papilionoideae,Papilionoideae
Nephrodesmus,Yes,Rhizobial,Yes,Papilionoideae,Papilionoideae
Nesphostylis,Yes,Rhizobial,Yes,Papilionoideae,Papilionoideae
Neustanthus,Yes,Rhizobial,Yes,Papilionoideae,Papilionoideae
Nissolia,No,n/a,Yes,Papilionoideae,Papilionoideae
Nogra,Unknown,n/a,Yes,Papilionoideae,Papilionoideae
Ohwia,Yes,Rhizobial,Yes,Papilionoideae,Papilionoideae
Olneya,Yes,Rhizobial,Yes,Papilionoideae,Papilionoideae
Onobrychis,Yes,Rhizobial,Yes,Papilionoideae,Papilionoideae
Ononis,Yes,Rhizobial,Yes,Papilionoideae,Papilionoideae
Ophrestia,Yes,Rhizobial,Yes,Papilionoideae,Papilionoideae
Orbexilum,Yes,Rhizobial,Yes,Papilionoideae,Papilionoideae
Ormocarpopsis,Yes,Rhizobial,Yes,Papilionoideae,Papilionoideae
Ormocarpum,Yes,Rhizobial,Yes,Papilionoideae,Papilionoideae
Ormosia,Yes,Rhizobial,Yes,Papilionoideae,Papilionoideae
Ornithopus,Yes,Rhizobial,Yes,Papilionoideae,Papilionoideae
Ostryocarpus,Yes,Rhizobial,Yes,Papilionoideae,Papilionoideae
Otholobium,Yes,Rhizobial,Yes,Papilionoideae,Papilionoideae
Otoptera,Yes,Rhizobial,Yes,Papilionoideae,Papilionoideae
Ototropis,Yes,Rhizobial,Yes,Papilionoideae,Papilionoideae
Ottleya,Yes,Rhizobial,Yes,Papilionoideae,Papilionoideae
Ougeinia,Yes,Rhizobial,Yes,Papilionoideae,Papilionoideae
Oxylobium,Yes,Rhizobial,Yes,Papilionoideae,Papilionoideae
Oxyrhynchus,Yes,Rhizobial,Yes,Papilionoideae,Papilionoideae
Oxytropis,Yes,Rhizobial,Yes,Papilionoideae,Papilionoideae
Pachyrhizus,Yes,Rhizobial,Yes,Papilionoideae,Papilionoideae
Paracalyx,Yes,Rhizobial,Yes,Papilionoideae,Papilionoideae
Paragoodia,Yes,Rhizobial,Yes,Papilionoideae,Papilionoideae
Paramachaerium,Yes,Rhizobial,Yes,Papilionoideae,Papilionoideae
Parochetus,Yes,Rhizobial,Yes,Papilionoideae,Papilionoideae
Pearsonia,Yes,Rhizobial,Yes,Papilionoideae,Papilionoideae
Pediomelum,Yes,Rhizobial,Yes,Papilionoideae,Papilionoideae
Periandra,Yes,Rhizobial,Yes,Papilionoideae,Papilionoideae
Pericopsis,Yes,Rhizobial,Yes,Papilionoideae,Papilionoideae
Peteria,Yes,Rhizobial,Yes,Papilionoideae,Papilionoideae
Petteria,Yes,Rhizobial,Yes,Papilionoideae,Papilionoideae
Phaseolus,Yes,Rhizobial,Yes,Papilionoideae,Papilionoideae
Philenoptera,Yes,Rhizobial,Yes,Papilionoideae,Papilionoideae
Phylacium,Yes,Rhizobial,Yes,Papilionoideae,Papilionoideae
Phyllodium,Yes,Rhizobial,Yes,Papilionoideae,Papilionoideae
Phyllolobium,Yes,Rhizobial,Yes,Papilionoideae,Papilionoideae
Phyllota,Yes,Rhizobial,Yes,Papilionoideae,Papilionoideae
Phylloxylon,Yes,Rhizobial,Yes,Papilionoideae,Papilionoideae
Physostigma,Yes,Rhizobial,Yes,Papilionoideae,Papilionoideae
Pickeringia,Yes,Rhizobial,Yes,Papilionoideae,Papilionoideae
Pictetia,Yes,Rhizobial,Yes,Papilionoideae,Papilionoideae
Piptanthus,Yes,Rhizobial,Yes,Papilionoideae,Papilionoideae
Piscidia,Yes,Rhizobial,Yes,Papilionoideae,Papilionoideae
Pisum,Yes,Rhizobial,Yes,Papilionoideae,Papilionoideae
Platycelyphium,Yes,Rhizobial,Yes,Papilionoideae,Papilionoideae
Platycyamus,Yes,Rhizobial,Yes,Papilionoideae,Papilionoideae
Platylobium,Yes,Rhizobial,Yes,Papilionoideae,Papilionoideae
Platymiscium,Yes,Rhizobial,Yes,Papilionoideae,Papilionoideae
Platypodium,Yes,Rhizobial,Yes,Papilionoideae,Papilionoideae
Platysepalum,No,n/a,Yes,Papilionoideae,Papilionoideae
Pleurolobus,Yes,Rhizobial,Yes,Papilionoideae,Papilionoideae
Podalyria,Yes,Rhizobial,Yes,Papilionoideae,Papilionoideae
Podocytisus,Yes,Rhizobial,Yes,Papilionoideae,Papilionoideae
Podolobium,Yes,Rhizobial,Yes,Papilionoideae,Papilionoideae
Podolotus,Yes,Rhizobial,Yes,Papilionoideae,Papilionoideae
Poecilanthe,Yes,Rhizobial,Yes,Papilionoideae,Papilionoideae
Poiretia,Yes,Rhizobial,Yes,Papilionoideae,Papilionoideae
Poissonia,Yes,Rhizobial,Yes,Papilionoideae,Papilionoideae
Poitea,Yes,Rhizobial,Yes,Papilionoideae,Papilionoideae
Polhillia,Yes,Rhizobial,Yes,Papilionoideae,Papilionoideae
Pongamiopsis,Yes,Rhizobial,Yes,Papilionoideae,Papilionoideae
Priestleya,No,n/a,Yes,Papilionoideae,Papilionoideae
Pseudarthria,Yes,Rhizobial,Yes,Papilionoideae,Papilionoideae
Pseudeminia,Yes,Rhizobial,Yes,Papilionoideae,Papilionoideae
Pseudoeriosema,Yes,Rhizobial,Yes,Papilionoideae,Papilionoideae
Pseudovigna,Yes,Rhizobial,Yes,Papilionoideae,Papilionoideae
Psophocarpus,Yes,Rhizobial,Yes,Papilionoideae,Papilionoideae
Psoralea,Yes,Rhizobial,Yes,Papilionoideae,Papilionoideae
Psorothamnus,Yes,Rhizobial,Yes,Papilionoideae,Papilionoideae
Pterocarpus,Yes,Rhizobial,Yes,Papilionoideae,Papilionoideae
Pterodon,No,n/a,Yes,Papilionoideae,Papilionoideae
Ptycholobium,Yes,Rhizobial,Yes,Papilionoideae,Papilionoideae
Ptychosema,Unknown,n/a,Yes,Papilionoideae,Papilionoideae
Pueraria,Yes,Rhizobial,Yes,Papilionoideae,Papilionoideae
Pultenaea,Yes,Rhizobial,Yes,Papilionoideae,Papilionoideae
Pycnospora ,Yes,Rhizobial,Yes,Papilionoideae,Papilionoideae
Pyranthus,Yes,Rhizobial,Yes,Papilionoideae,Papilionoideae
Rafnia,Yes,Rhizobial,Yes,Papilionoideae,Papilionoideae
Ramirezella,Yes,Rhizobial,Yes,Papilionoideae,Papilionoideae
Requienia,Yes,Rhizobial,Yes,Papilionoideae,Papilionoideae
Retama,Yes,Rhizobial,Yes,Papilionoideae,Papilionoideae
Rhodopis,Yes,Rhizobial,Yes,Papilionoideae,Papilionoideae
Rhynchosia,Yes,Rhizobial,Yes,Papilionoideae,Papilionoideae
Rhynchotropis,Yes,Rhizobial,Yes,Papilionoideae,Papilionoideae
Riedeliella,Yes,Rhizobial,Yes,Papilionoideae,Papilionoideae
Robinia,Yes,Rhizobial,Yes,Papilionoideae,Papilionoideae
Robynsiophyton,Yes,Rhizobial,Yes,Papilionoideae,Papilionoideae
Rothia,Yes,Rhizobial,Yes,Papilionoideae,Papilionoideae
Rupertia,Yes,Rhizobial,Yes,Papilionoideae,Papilionoideae
Sakoanala,Yes,Rhizobial,Yes,Papilionoideae,Papilionoideae
Salweenia,Unknown,n/a,Yes,Papilionoideae,Papilionoideae
Sarcodum,Yes,Rhizobial,Yes,Papilionoideae,Papilionoideae
Schefflerodendron,Yes,Rhizobial,Yes,Papilionoideae,Papilionoideae
Scorpiurus,Yes,Rhizobial,Yes,Papilionoideae,Papilionoideae
Securigera,Yes,Rhizobial,Yes,Papilionoideae,Papilionoideae
Sesbania,Yes,Rhizobial,Yes,Papilionoideae,Papilionoideae
Shuteria,Yes,Rhizobial,Yes,Papilionoideae,Papilionoideae
Sigmoidotropis,Yes,Rhizobial,Yes,Papilionoideae,Papilionoideae
Sinodolichos,Yes,Rhizobial,Yes,Papilionoideae,Papilionoideae
Smirnowia,Yes,Rhizobial,Yes,Papilionoideae,Papilionoideae
Smithia,Yes,Rhizobial,Yes,Papilionoideae,Papilionoideae
Soemmeringia,Unknown,n/a,Yes,Papilionoideae,Papilionoideae
Sohmaea,Yes,Rhizobial,Yes,Papilionoideae,Papilionoideae
Sophora,Yes,Rhizobial,Yes,Papilionoideae,Papilionoideae
Spartium,Yes,Rhizobial,Yes,Papilionoideae,Papilionoideae
Spathionema,Yes,Rhizobial,Yes,Papilionoideae,Papilionoideae
Spatholobus,Yes,Rhizobial,Yes,Papilionoideae,Papilionoideae
Sphaerolobium,Yes,Rhizobial,Yes,Papilionoideae,Papilionoideae
Sphaerophysa,Yes,Rhizobial,Yes,Papilionoideae,Papilionoideae
Sphenostylis,Yes,Rhizobial,Yes,Papilionoideae,Papilionoideae
Sphinctospermum,Yes,Rhizobial,Yes,Papilionoideae,Papilionoideae
Spirotropis,Yes,Rhizobial,Yes,Papilionoideae,Papilionoideae
Staminodianthus,Yes,Rhizobial,Yes,Papilionoideae,Papilionoideae
Stauracanthus,Yes,Rhizobial,Yes,Papilionoideae,Papilionoideae
Steinbachiella,Yes,Rhizobial,Yes,Papilionoideae,Papilionoideae
Stirtonanthus,Yes,Rhizobial,Yes,Papilionoideae,Papilionoideae
Strongylodon,Yes,Rhizobial,Yes,Papilionoideae,Papilionoideae
Strophostyles,Yes,Rhizobial,Yes,Papilionoideae,Papilionoideae
Stylosanthes,Yes,Rhizobial,Yes,Papilionoideae,Papilionoideae
Styphnolobium,No,n/a,Yes,Papilionoideae,Papilionoideae
Sulla,Yes,Rhizobial,Yes,Papilionoideae,Papilionoideae
Sutherlandia,Yes,Rhizobial,Yes,Papilionoideae,Papilionoideae
Swainsona,Yes,Rhizobial,Yes,Papilionoideae,Papilionoideae
Swartzia,Yes,Rhizobial,Yes,Papilionoideae,Papilionoideae
Sweetia,Yes,Rhizobial,Yes,Papilionoideae,Papilionoideae
Sylvichadsia,No,n/a,Yes,Papilionoideae,Papilionoideae
Tabaroa,Unknown,n/a,Yes,Papilionoideae,Papilionoideae
Tadehagi,Yes,Rhizobial,Yes,Papilionoideae,Papilionoideae
Taralea,No,n/a,Yes,Papilionoideae,Papilionoideae
Tateishia,Yes,Rhizobial,Yes,Papilionoideae,Papilionoideae
Taverniera,Yes,Rhizobial,Yes,Papilionoideae,Papilionoideae
Templetonia,Yes,Rhizobial,Yes,Papilionoideae,Papilionoideae
Tephrosia,Yes,Rhizobial,Yes,Papilionoideae,Papilionoideae
Teramnus,Yes,Rhizobial,Yes,Papilionoideae,Papilionoideae
Teyleria,Yes,Rhizobial,Yes,Papilionoideae,Papilionoideae
Thermopsis,Yes,Rhizobial,Yes,Papilionoideae,Papilionoideae
Tibetia,Yes,Rhizobial,Yes,Papilionoideae,Papilionoideae
Tipuana,Yes,Rhizobial,Yes,Papilionoideae,Papilionoideae
Toxicopueraria,Yes,Rhizobial,Yes,Papilionoideae,Papilionoideae
Tragacantha,Yes,Rhizobial,Yes,Papilionoideae,Papilionoideae
Trifidacanthus ,Yes,Rhizobial,Yes,Papilionoideae,Papilionoideae
Trifolium,Yes,Rhizobial,Yes,Papilionoideae,Papilionoideae
Trigonella,Yes,Rhizobial,Yes,Papilionoideae,Papilionoideae
Tripodion,Yes,Rhizobial,Yes,Papilionoideae,Papilionoideae
Trischidium,No,n/a,Yes,Papilionoideae,Papilionoideae
Uleanthus,Yes,Rhizobial,Yes,Papilionoideae,Papilionoideae
Ulex,Yes,Rhizobial,Yes,Papilionoideae,Papilionoideae
Uraria,Yes,Rhizobial,Yes,Papilionoideae,Papilionoideae
Uribea,Unknown,n/a,Yes,Papilionoideae,Papilionoideae
Urodon,Yes,Rhizobial,Yes,Papilionoideae,Papilionoideae
Vandasina,Yes,Rhizobial,Yes,Papilionoideae,Papilionoideae
Vatairea,No,n/a,Yes,Papilionoideae,Papilionoideae
Vataireopsis,No,n/a,Yes,Papilionoideae,Papilionoideae
Vatovaea,Yes,Rhizobial,Yes,Papilionoideae,Papilionoideae
Vavilovia,Yes,Rhizobial,Yes,Papilionoideae,Papilionoideae
Vicia,Yes,Rhizobial,Yes,Papilionoideae,Papilionoideae
Vigna,Yes,Rhizobial,Yes,Papilionoideae,Papilionoideae
Viminaria,Yes,Rhizobial,Yes,Papilionoideae,Papilionoideae
Virgilia,Yes,Rhizobial,Yes,Papilionoideae,Papilionoideae
Wajira,Yes,Rhizobial,Yes,Papilionoideae,Papilionoideae
Weberbauerella,Unknown,n/a,Yes,Papilionoideae,Papilionoideae
Wiborgia,Yes,Rhizobial,Yes,Papilionoideae,Papilionoideae
Wiborgiella,Yes,Rhizobial,Yes,Papilionoideae,Papilionoideae
Wisteria,Yes,Rhizobial,Yes,Papilionoideae,Papilionoideae
Xanthocercis,No,n/a,Yes,Papilionoideae,Papilionoideae
Xiphotheca,Yes,Rhizobial,Yes,Papilionoideae,Papilionoideae
Zollernia,No,n/a,Yes,Papilionoideae,Papilionoideae
Zornia,Yes,Rhizobial,Yes,Papilionoideae,Papilionoideae