Genus,Genus_Nodulation_Status,Type,Legume?,Subfamily
Abarema,Yes,Rhizobial,Yes,Caesalpinioideae
Abrus,Yes,Rhizobial,Yes,Papilionoideae
Acacia,Yes,Rhizobial,Yes,Caesalpinioideae
Acaciella,Unknown,n/a,Yes,Caesalpinioideae
Acmispon,Unknown,n/a,Yes,Papilionoideae
Acosmium,No,n/a,Yes,Papilionoideae
Acrocarpus,Unknown,n/a,Yes,Caesalpinioideae
Adenocarpus,Yes,Rhizobial,Yes,Papilionoideae
Adenodolichos,Yes,Rhizobial,Yes,Papilionoideae
Adenolobus,Unknown,n/a,Yes,Cercidoideae
Adenopodia,Unknown,n/a,Yes,Caesalpinioideae
Adesmia,Yes,Rhizobial,Yes,Papilionoideae
Aenictophyton,Unknown,n/a,Yes,Papilionoideae
Aeschynomene,Yes,Rhizobial,Yes,Papilionoideae
Afgekia,Unknown,n/a,Yes,Papilionoideae
Afrocalliandra,Unknown,n/a,Yes,Caesalpinioideae
Afzelia,No,n/a,Yes,Detarioideae
Aganope,Yes,Rhizobial,Yes,Papilionoideae
Airyantha,Unknown,n/a,Yes,Papilionoideae
Akschindlium,Unknown,n/a,Yes,Papilionoideae
Alantsilodendron,Unknown,n/a,Yes,Caesalpinioideae
Albizia,Yes,Rhizobial,Yes,Caesalpinioideae
Aldina,No,n/a,Yes,Papilionoideae
Alexa,No,n/a,Yes,Papilionoideae
Alhagi,Yes,Rhizobial,Yes,Papilionoideae
Alistilus,Yes,Rhizobial,Yes,Papilionoideae
Almaleea,Yes,Rhizobial,Yes,Papilionoideae
Alysicarpus,Yes,Rhizobial,Yes,Papilionoideae
Amblygonocarpus,No,n/a,Yes,Caesalpinioideae
Amburana,No,n/a,Yes,Papilionoideae
Amherstia,No,n/a,Yes,Detarioideae
Amicia,Unknown,n/a,Yes,Papilionoideae
Ammodendron,Unknown,n/a,Yes,Papilionoideae
Ammopiptanthus,Unknown,n/a,Yes,Papilionoideae
Amorpha,Yes,Rhizobial,Yes,Papilionoideae
Amphicarpaea,Yes,Rhizobial,Yes,Papilionoideae
Amphimas,No,n/a,Yes,Papilionoideae
Amphiodon,Unknown,n/a,Yes,Papilionoideae
Amphithalea,Yes,Rhizobial,Yes,Papilionoideae
Anadenanthera,Yes,Rhizobial,Yes,Caesalpinioideae
Anagyris,Yes,Rhizobial,Yes,Papilionoideae
Anarthrophyllum,Unknown,n/a,Yes,Papilionoideae
Ancistrotropis,Unknown,n/a,Yes,Papilionoideae
Andira,No,n/a,Yes,Papilionoideae
Androcalymma,Unknown,n/a,Yes,Dialioideae
Angylocalyx,Unknown,n/a,Yes,Papilionoideae
Annea,Unknown,n/a,Yes,Detarioideae
Antheroporum,Unknown,n/a,Yes,Papilionoideae
Anthonotha,Unknown,n/a,Yes,Detarioideae
Anthyllis,Yes,Rhizobial,Yes,Papilionoideae
Antopetitia,Yes,Rhizobial,Yes,Papilionoideae
Aotus,Yes,Rhizobial,Yes,Papilionoideae
Aphanocalyx,Unknown,n/a,Yes,Detarioideae
Aphyllodium,Yes,Rhizobial,Yes,Papilionoideae
Apios,Yes,Rhizobial,Yes,Papilionoideae
Apoplanesia,Unknown,n/a,Yes,Papilionoideae
Apuleia,No,n/a,Yes,Dialioideae
Apurimacia,Unknown,n/a,Yes,Papilionoideae
Arachis,Yes,Rhizobial,Yes,Papilionoideae
Arapatiella,Unknown,n/a,Yes,Caesalpinioideae
Archidendron,Unknown,n/a,Yes,Caesalpinioideae
Archidendropsis,Unknown,n/a,Yes,Caesalpinioideae
Arcoa,Unknown,n/a,Yes,Caesalpinioideae
Argyrocytisus,Unknown,n/a,Yes,Papilionoideae
Argyrolobium,Yes,Rhizobial,Yes,Papilionoideae
Arquita,Unknown,n/a,Yes,Caesalpinioideae
Arthroclianthus,Unknown,n/a,Yes,Papilionoideae
Aspalathus,Yes,Rhizobial,Yes,Papilionoideae
Astragalus,Yes,Rhizobial,Yes,Papilionoideae
Ateleia,Yes,Rhizobial,Yes,Papilionoideae
Aubrevillea,Unknown,n/a,Yes,Caesalpinioideae
Augouardia,Unknown,n/a,Yes,Detarioideae
Austrodolichos,Unknown,n/a,Yes,Papilionoideae
Austrosteenisia,Unknown,n/a,Yes,Papilionoideae
Baikiaea,No,n/a,Yes,Detarioideae
Balizia,Yes,Rhizobial,Yes,Caesalpinioideae
Balsamocarpon,Unknown,n/a,Yes,Caesalpinioideae
Baphia,Yes,Rhizobial,Yes,Papilionoideae
Baphiastrum,Unknown,n/a,Yes,Papilionoideae
Baphiopsis,Unknown,n/a,Yes,Papilionoideae
Baptisia,Yes,Rhizobial,Yes,Papilionoideae
Barbieria,Unknown,n/a,Yes,Papilionoideae
Barklya,Unknown,n/a,Yes,Cercidoideae
Barnebydendron,Unknown,n/a,Yes,Detarioideae
Batesia,No,n/a,Yes,Caesalpinioideae
Baudouinia,Unknown,n/a,Yes,Dialioideae
Bauhinia,No,n/a,Yes,Cercidoideae
Behaimia,Unknown,n/a,Yes,Papilionoideae
Berlinia,No,n/a,Yes,Detarioideae
Biancaea,Unknown,n/a,Yes,Caesalpinioideae
Bikinia,Unknown,n/a,Yes,Detarioideae
Bionia,Yes,Rhizobial,Yes,Papilionoideae
Biserrula,Unknown,n/a,Yes,Papilionoideae
Bituminaria,Yes,Rhizobial,Yes,Papilionoideae
Blanchetiodendron,Unknown,n/a,Yes,Caesalpinioideae
Bobgunnia,No,n/a,Yes,Papilionoideae
Bocoa,No,n/a,Yes,Papilionoideae
Bolusafra,Yes,Rhizobial,Yes,Papilionoideae
Bolusanthus,Yes,Rhizobial,Yes,Papilionoideae
Bolusia,Yes,Rhizobial,Yes,Papilionoideae
Bossiaea,Yes,Rhizobial,Yes,Papilionoideae
Bouffordia,Unknown,n/a,Yes,Papilionoideae
Bowdichia,Yes,Rhizobial,Yes,Papilionoideae
Bowringia,Unknown,n/a,Yes,Papilionoideae
Brachycylix,Unknown,n/a,Yes,Detarioideae
Brachystegia,No,n/a,Yes,Detarioideae
Brandzeia,Unknown,n/a,Yes,Detarioideae
Brenierea,Unknown,n/a,Yes,Cercidoideae
Brodriguesia,Unknown,n/a,Yes,Detarioideae
Brongniartia,Unknown,n/a,Yes,Papilionoideae
Brownea,Yes,Rhizobial,Yes,Detarioideae
Browneopsis,Unknown,n/a,Yes,Detarioideae
Brya,Yes,Rhizobial,Yes,Papilionoideae
Bryaspis,Unknown,n/a,Yes,Papilionoideae
Burkea,No,n/a,Yes,Caesalpinioideae
Burkilliodendron,Unknown,n/a,Yes,Papilionoideae
Bussea,Unknown,n/a,Yes,Caesalpinioideae
Butea,No,n/a,Yes,Papilionoideae
Cadia,Unknown,n/a,Yes,Papilionoideae
Caesalpinia,Yes,Rhizobial,Yes,Caesalpinioideae
Cajanus,Yes,Rhizobial,Yes,Papilionoideae
Calicotome,Yes,Rhizobial,Yes,Papilionoideae
Callerya,Unknown,n/a,Yes,Papilionoideae
Calliandra,Yes,Rhizobial,Yes,Caesalpinioideae
Calliandropsis,Unknown,n/a,Yes,Caesalpinioideae
Calobota,Unknown,n/a,Yes,Papilionoideae
Calophaca,Unknown,n/a,Yes,Papilionoideae
Calopogonium,Yes,Rhizobial,Yes,Papilionoideae
Calpocalyx,Unknown,n/a,Yes,Caesalpinioideae
Calpurnia,Yes,Rhizobial,Yes,Papilionoideae
Camoensia,Unknown,n/a,Yes,Papilionoideae
Campsiandra,Yes,Rhizobial,Yes,Caesalpinioideae
Camptosema,Unknown,n/a,Yes,Papilionoideae
Campylotropis,Yes,Rhizobial,Yes,Papilionoideae
Canavalia,Yes,Rhizobial,Yes,Papilionoideae
Candolleodendron,Unknown,n/a,Yes,Papilionoideae
Caragana,Yes,Rhizobial,Yes,Papilionoideae
Carmichaelia,Yes,Rhizobial,Yes,Papilionoideae
Carrissoa,Unknown,n/a,Yes,Papilionoideae
Cascaronia,Unknown,n/a,Yes,Papilionoideae
Cassia,Yes,Rhizobial,Yes,Caesalpinioideae
Castanospermum,No,n/a,Yes,Papilionoideae
Cathormion,Unknown,n/a,Yes,Caesalpinioideae
Cedrelinga,Yes,Rhizobial,Yes,Caesalpinioideae
Cenostigma,Unknown,n/a,Yes,Caesalpinioideae
Centrolobium,Yes,Rhizobial,Yes,Papilionoideae
Centrosema,Yes,Rhizobial,Yes,Papilionoideae
Ceratonia,No,n/a,Yes,Caesalpinioideae
Cercis,No,n/a,Yes,Cercidoideae
Chadsia,Unknown,n/a,Yes,Papilionoideae
Chaetocalyx,No,n/a,Yes,Papilionoideae
Chamaecrista,Yes,Rhizobial,Yes,Caesalpinioideae
Chamaecytisus,Yes,Rhizobial,Yes,Papilionoideae
Chapmannia,Unknown,n/a,Yes,Papilionoideae
Cheniella,Unknown,n/a,Yes,Cercidoideae
Chesneya,Unknown,n/a,Yes,Papilionoideae
Chidlowia,Yes,Rhizobial,Yes,Caesalpinioideae
Chloroleucon,Unknown,n/a,Yes,Caesalpinioideae
Chorizema,Yes,Rhizobial,Yes,Papilionoideae
Christia,Yes,Rhizobial,Yes,Papilionoideae
Cicer,Yes,Rhizobial,Yes,Papilionoideae
Cladrastis,No,n/a,Yes,Papilionoideae
Clathrotropis,Yes,Rhizobial,Yes,Papilionoideae
Cleobulia,Unknown,n/a,Yes,Papilionoideae
Clianthus,Yes,Rhizobial,Yes,Papilionoideae
Clitoria,Yes,Rhizobial,Yes,Papilionoideae
Clitoriopsis,Unknown,n/a,Yes,Papilionoideae
Cochlianthus,Unknown,n/a,Yes,Papilionoideae
Cochliasanthus,Unknown,n/a,Yes,Papilionoideae
Codariocalyx,Yes,Rhizobial,Yes,Papilionoideae
Cojoba,Unknown,n/a,Yes,Caesalpinioideae
Collaea,Unknown,n/a,Yes,Papilionoideae
Cologania,Yes,Rhizobial,Yes,Papilionoideae
Colophospermum,No,n/a,Yes,Detarioideae
Colutea,Yes,Rhizobial,Yes,Papilionoideae
Colvillea,Unknown,n/a,Yes,Caesalpinioideae
Condylostylis,Unknown,n/a,Yes,Papilionoideae
Conzattia,Unknown,n/a,Yes,Caesalpinioideae
Copaifera,Yes,Rhizobial,Yes,Detarioideae
Cordeauxia,Unknown,n/a,Yes,Caesalpinioideae
Cordyla,No,n/a,Yes,Papilionoideae
Corethrodendron,Unknown,n/a,Yes,Papilionoideae
Coronilla,Yes,Rhizobial,Yes,Papilionoideae
Coulteria,Unknown,n/a,Yes,Caesalpinioideae
Coursetia,No,n/a,Yes,Papilionoideae
Craibia,Unknown,n/a,Yes,Papilionoideae
Cranocarpus,Unknown,n/a,Yes,Papilionoideae
Craspedolobium,Unknown,n/a,Yes,Papilionoideae
Cratylia,Yes,Rhizobial,Yes,Papilionoideae
Cristonia,Unknown,n/a,Yes,Papilionoideae
Crotalaria,Yes,Rhizobial,Yes,Papilionoideae
Crudia,No,n/a,Yes,Detarioideae
Cryptosepalum,No,n/a,Yes,Detarioideae
Cullen,Yes,Rhizobial,Yes,Papilionoideae
Cyamopsis,Yes,Rhizobial,Yes,Papilionoideae
Cyathostegia,Unknown,n/a,Yes,Papilionoideae
Cyclocarpa,Unknown,n/a,Yes,Papilionoideae
Cyclolobium,Unknown,n/a,Yes,Papilionoideae
Cyclopia,Yes,Rhizobial,Yes,Papilionoideae
Cylicodiscus,Unknown,n/a,Yes,Caesalpinioideae
Cynometra,No,n/a,Yes,Detarioideae
Cytisophyllum,Unknown,n/a,Yes,Papilionoideae
Cytisopsis,Unknown,n/a,Yes,Papilionoideae
Cytisus,Yes,Rhizobial,Yes,Papilionoideae
Dahlstedtia,Unknown,n/a,Yes,Papilionoideae
Dalbergia,Yes,Rhizobial,Yes,Papilionoideae
Dalbergiella,Yes,Rhizobial,Yes,Papilionoideae
Dalea,Yes,Rhizobial,Yes,Papilionoideae
Dalhousiea,No,n/a,Yes,Papilionoideae
Daniellia,Unknown,n/a,Yes,Detarioideae
Daviesia,Yes,Rhizobial,Yes,Papilionoideae
Decorsea,Yes,Rhizobial,Yes,Papilionoideae
Deguelia,Unknown,n/a,Yes,Papilionoideae
Delonix,Yes,Rhizobial,Yes,Caesalpinioideae
Dendrolobium,Unknown,n/a,Yes,Papilionoideae
Denisophytum,Unknown,n/a,Yes,Caesalpinioideae
Dermatophyllum,Unknown,n/a,Yes,Papilionoideae
Derris,Yes,Rhizobial,Yes,Papilionoideae
Desmanthus,Yes,Rhizobial,Yes,Caesalpinioideae
Desmodiopsis,Unknown,n/a,Yes,Papilionoideae
Desmodium,Yes,Rhizobial,Yes,Papilionoideae
Detarium,No,n/a,Yes,Detarioideae
Dewevrea,Yes,Rhizobial,Yes,Papilionoideae
Dialium,Yes,Rhizobial,Yes,Dialioideae
Dichilus,Yes,Rhizobial,Yes,Papilionoideae
Dichrostachys,Yes,Rhizobial,Yes,Caesalpinioideae
Dicorynia,Yes,Rhizobial,Yes,Dialioideae
Dicraeopetalum,Unknown,n/a,Yes,Papilionoideae
Dicymbe,Yes,Rhizobial,Yes,Detarioideae
Didelotia,Unknown,n/a,Yes,Detarioideae
Dillwynia,Yes,Rhizobial,Yes,Papilionoideae
Dimorphandra,Yes,Rhizobial,Yes,Caesalpinioideae
Dinizia,No,n/a,Yes,Caesalpinioideae
Dioclea,Yes,Rhizobial,Yes,Papilionoideae
Diphyllarium,Unknown,n/a,Yes,Papilionoideae
Diphysa,Unknown,n/a,Yes,Papilionoideae
Diplotropis,Yes,Rhizobial,Yes,Papilionoideae
Dipogon,Yes,Rhizobial,Yes,Papilionoideae
Dipteryx,No,n/a,Yes,Papilionoideae
Diptychandra,Unknown,n/a,Yes,Caesalpinioideae
Discolobium,Unknown,n/a,Yes,Papilionoideae
Distemonanthus,Unknown,n/a,Yes,Dialioideae
Disynstemon,Unknown,n/a,Yes,Papilionoideae
Dolichopsis,Yes,Rhizobial,Yes,Papilionoideae
Dolichos,Yes,Rhizobial,Yes,Papilionoideae
Dorycnopsis,Unknown,n/a,Yes,Papilionoideae
Droogmansia,Yes,Rhizobial,Yes,Papilionoideae
Dumasia,Yes,Rhizobial,Yes,Papilionoideae
Dunbaria,Yes,Rhizobial,Yes,Papilionoideae
Duparquetia,Unknown,n/a,Yes,Duparquetioideae
Dupuya,Unknown,n/a,Yes,Papilionoideae
Dussia,Unknown,n/a,Yes,Papilionoideae
Dysolobium,Unknown,n/a,Yes,Papilionoideae
Ebenopsis,Unknown,n/a,Yes,Caesalpinioideae
Ebenus,Unknown,n/a,Yes,Papilionoideae
Echinospartum,Unknown,n/a,Yes,Papilionoideae
Ecuadendron,Unknown,n/a,Yes,Detarioideae
Eleiotis,Unknown,n/a,Yes,Papilionoideae
Elephantorrhiza,Yes,Rhizobial,Yes,Caesalpinioideae
Eligmocarpus,Unknown,n/a,Yes,Dialioideae
Elizabetha,Yes,Rhizobial,Yes,Detarioideae
Eminia,Yes,Rhizobial,Yes,Papilionoideae
Endertia,Unknown,n/a,Yes,Detarioideae
Endosamara,Unknown,n/a,Yes,Papilionoideae
Englerodendron,Unknown,n/a,Yes,Detarioideae
Entada,Yes,Rhizobial,Yes,Caesalpinioideae
Enterolobium,Yes,Rhizobial,Yes,Caesalpinioideae
Eperua,No,n/a,Yes,Detarioideae
Eremosparton,Unknown,n/a,Yes,Papilionoideae
Erichsenia,Unknown,n/a,Yes,Papilionoideae
Erinacea,Unknown,n/a,Yes,Papilionoideae
Eriosema,Yes,Rhizobial,Yes,Papilionoideae
Erophaca,Unknown,n/a,Yes,Papilionoideae
Errazurizia,Unknown,n/a,Yes,Papilionoideae
Erythrina,Yes,Rhizobial,Yes,Papilionoideae
Erythrophleum,Yes,Rhizobial,Yes,Caesalpinioideae
Erythrostemon,Unknown,n/a,Yes,Caesalpinioideae
Euchilopsis,Yes,Rhizobial,Yes,Papilionoideae
Euchlora,Unknown,n/a,Yes,Papilionoideae
Euchresta,Yes,Rhizobial,Yes,Papilionoideae
Eurypetalum,Unknown,n/a,Yes,Detarioideae
Eutaxia,Yes,Rhizobial,Yes,Papilionoideae
Eversmannia,Unknown,n/a,Yes,Papilionoideae
Exostyles,No,n/a,Yes,Papilionoideae
Eysenhardtia,Yes,Rhizobial,Yes,Papilionoideae
Ezoloba,Yes,Rhizobial,Yes,Papilionoideae
Faidherbia,Yes,Rhizobial,Yes,Caesalpinioideae
Falcataria,Unknown,n/a,Yes,Caesalpinioideae
Fiebrigiella,Unknown,n/a,Yes,Papilionoideae
Fillaeopsis,Unknown,n/a,Yes,Caesalpinioideae
Fissicalyx,Unknown,n/a,Yes,Papilionoideae
Flemingia,Yes,Rhizobial,Yes,Papilionoideae
Fordia,Unknown,n/a,Yes,Papilionoideae
Gabonius,Unknown,n/a,Yes,Detarioideae
Gagnebina,Unknown,n/a,Yes,Caesalpinioideae
Galactia,Yes,Rhizobial,Yes,Papilionoideae
Galega,Yes,Rhizobial,Yes,Papilionoideae
Gastrolobium,Yes,Rhizobial,Yes,Papilionoideae
Geissaspis,Yes,Rhizobial,Yes,Papilionoideae
Gelrebia,Unknown,n/a,Yes,Caesalpinioideae
Genista,Yes,Rhizobial,Yes,Papilionoideae
Genistidium,Unknown,n/a,Yes,Papilionoideae
Geoffroea,Yes,Rhizobial,Yes,Papilionoideae
Gigasiphon,Unknown,n/a,Yes,Cercidoideae
Gilbertiodendron,Yes,Rhizobial,Yes,Detarioideae
Gilletiodendron,Unknown,n/a,Yes,Detarioideae
Gleditsia,No,n/a,Yes,Caesalpinioideae
Gliricidia,Yes,Rhizobial,Yes,Papilionoideae
Glycine,Yes,Rhizobial,Yes,Papilionoideae
Glycyrrhiza,Yes,Rhizobial,Yes,Papilionoideae
Gompholobium,Yes,Rhizobial,Yes,Papilionoideae
Goniorrhachis,No,n/a,Yes,Detarioideae
Gonocytisus,Unknown,n/a,Yes,Papilionoideae
Grazielodendron,No,n/a,Yes,Papilionoideae
Griffonia,Unknown,n/a,Yes,Cercidoideae
Grona,Unknown,n/a,Yes,Papilionoideae
Gueldenstaedtia,Unknown,n/a,Yes,Papilionoideae
Guianodendron,Unknown,n/a,Yes,Papilionoideae
Guibourtia,No,n/a,Yes,Detarioideae
Guilandina,Unknown,n/a,Yes,Caesalpinioideae
Gymnocladus,No,n/a,Yes,Caesalpinioideae
Haematoxylum,No,n/a,Yes,Caesalpinioideae
Hammatolobium,Unknown,n/a,Yes,Papilionoideae
Hanslia,Unknown,n/a,Yes,Papilionoideae
Haplormosia ,Unknown,n/a,Yes,Papilionoideae
Harashuteria,Unknown,n/a,Yes,Papilionoideae
Hardenbergia,Yes,Rhizobial,Yes,Papilionoideae
Hardwickia,Unknown,n/a,Yes,Detarioideae
Harleyodendron,No,n/a,Yes,Papilionoideae
Harpalyce,Unknown,n/a,Yes,Papilionoideae
Havardia,Unknown,n/a,Yes,Caesalpinioideae
Haymondia,Unknown,n/a,Yes,Papilionoideae
Hebestigma,Unknown,n/a,Yes,Papilionoideae
Hedysarum,Yes,Rhizobial,Yes,Papilionoideae
Hegnera,Unknown,n/a,Yes,Papilionoideae
Helicotropis,Unknown,n/a,Yes,Papilionoideae
Herpyza,Unknown,n/a,Yes,Papilionoideae
Hesperolaburnum,Yes,Rhizobial,Yes,Papilionoideae
Hesperothamnus,Unknown,n/a,Yes,Papilionoideae
Heteroflorum,Unknown,n/a,Yes,Caesalpinioideae
Heterostemon,No,n/a,Yes,Detarioideae
Hippocrepis,Yes,Rhizobial,Yes,Papilionoideae
Hoffmannseggia,Yes,Rhizobial,Yes,Caesalpinioideae
Hoita,Yes,Rhizobial,Yes,Papilionoideae
Holocalyx,Unknown,n/a,Yes,Papilionoideae
Hosackia,Yes,Rhizobial,Yes,Papilionoideae
Hovea,Yes,Rhizobial,Yes,Papilionoideae
Humboldtia,Yes,Rhizobial,Yes,Detarioideae
Huangtcia,Unknown,n/a,Yes,Papilionoideae
Humularia,Unknown,n/a,Yes,Papilionoideae
Hydrochorea,Yes,Rhizobial,Yes,Caesalpinioideae
Hylodendron,No,n/a,Yes,Detarioideae
Hylodesmum,Unknown,n/a,Yes,Papilionoideae
Hymenaea,Yes,Rhizobial,Yes,Detarioideae
Hymenolobium,Yes,Rhizobial,Yes,Papilionoideae
Hymenostegia,Unknown,n/a,Yes,Detarioideae
Hypocalyptus,Yes,Rhizobial,Yes,Papilionoideae
Icuria,Unknown,n/a,Yes,Detarioideae
Indigastrum,Unknown,n/a,Yes,Papilionoideae
Indigofera,Yes,Rhizobial,Yes,Papilionoideae
Indopiptadenia,Yes,Rhizobial,Yes,Caesalpinioideae
Inga,Yes,Rhizobial,Yes,Caesalpinioideae
Inocarpus,No,n/a,Yes,Papilionoideae
Intsia,No,n/a,Yes,Detarioideae
Isoberlinia,Unknown,n/a,Yes,Detarioideae
Isomacrolobium,Unknown,n/a,Yes,Detarioideae
Isotropis,Yes,Rhizobial,Yes,Papilionoideae
Jacksonia,Yes,Rhizobial,Yes,Papilionoideae
Jacqueshuberia,Unknown,n/a,Yes,Caesalpinioideae
Julbernardia,No,n/a,Yes,Detarioideae
Kalappia,Unknown,n/a,Yes,Dialioideae
Kanaloa,Unknown,n/a,Yes,Caesalpinioideae
Kebirita,Unknown,n/a,Yes,Papilionoideae
Kennedia,Yes,Rhizobial,Yes,Papilionoideae
Kingiodendron,Unknown,n/a,Yes,Detarioideae
Koompassia,Unknown,n/a,Yes,Dialioideae
Kotschya,Yes,Rhizobial,Yes,Papilionoideae
Kummerowia,Yes,Rhizobial,Yes,Papilionoideae
Kunstleria,Unknown,n/a,Yes,Papilionoideae
Labichea,Unknown,n/a,Yes,Dialioideae
Lablab,Yes,Rhizobial,Yes,Papilionoideae
Laburnum,Yes,Rhizobial,Yes,Papilionoideae
Lachesiodendron,Unknown,n/a,Yes,Caesalpinioideae
Lackeya ,Unknown,n/a,Yes,Papilionoideae
Ladeania,Unknown,n/a,Yes,Papilionoideae
Lamprolobium,Unknown,n/a,Yes,Papilionoideae
Lasiobema,Unknown,n/a,Yes,Cercidoideae
Lathyrus,Yes,Rhizobial,Yes,Papilionoideae
Latrobea,Yes,Rhizobial,Yes,Papilionoideae
Lebeckia,Yes,Rhizobial,Yes,Papilionoideae
Lebruniodendron,Unknown,n/a,Yes,Detarioideae
Lecointea,No,n/a,Yes,Papilionoideae
Lembotropis,Yes,Rhizobial,Yes,Papilionoideae
Lemurodendron,Unknown,n/a,Yes,Caesalpinioideae
Lennea,Unknown,n/a,Yes,Papilionoideae
Lens,Yes,Rhizobial,Yes,Papilionoideae
Leobordea,Unknown,n/a,Yes,Papilionoideae
Leonardoxa,Unknown,n/a,Yes,Detarioideae
Leptoderris,Unknown,n/a,Yes,Papilionoideae
Leptodesmia,Unknown,n/a,Yes,Papilionoideae
Leptolobium,Unknown,n/a,Yes,Papilionoideae
Leptosema,Unknown,n/a,Yes,Papilionoideae
Leptospron,Unknown,n/a,Yes,Papilionoideae
Lespedeza,Yes,Rhizobial,Yes,Papilionoideae
Lessertia,Yes,Rhizobial,Yes,Papilionoideae
Leucaena,Yes,Rhizobial,Yes,Caesalpinioideae
Leucochloron,Unknown,n/a,Yes,Caesalpinioideae
Leucostegane,Unknown,n/a,Yes,Detarioideae
Libidibia,Unknown,n/a,Yes,Caesalpinioideae
Librevillea,Unknown,n/a,Yes,Detarioideae
Limadendron,Unknown,n/a,Yes,Papilionoideae
Liparia,Unknown,n/a,Yes,Papilionoideae
Listia ,Unknown,n/a,Yes,Papilionoideae
Loesenera,Unknown,n/a,Yes,Detarioideae
Lonchocarpus,Yes,Rhizobial,Yes,Papilionoideae
Lophocarpinia,Unknown,n/a,Yes,Caesalpinioideae
Lotononis,Yes,Rhizobial,Yes,Papilionoideae
Lotus,Yes,Rhizobial,Yes,Papilionoideae
Luetzelburgia,Unknown,n/a,Yes,Papilionoideae
Lupinus,Yes,Rhizobial,Yes,Papilionoideae
Luzonia,Unknown,n/a,Yes,Papilionoideae
Lysidice,Unknown,n/a,Yes,Detarioideae
Lysiloma,Yes,Rhizobial,Yes,Caesalpinioideae
Lysiphyllum,Unknown,n/a,Yes,Cercidoideae
Maackia,Yes,Rhizobial,Yes,Papilionoideae
Machaerium,Yes,Rhizobial,Yes,Papilionoideae
Macrolobium,No,n/a,Yes,Detarioideae
Macropsychanthus,Unknown,n/a,Yes,Papilionoideae
Macroptilium,Yes,Rhizobial,Yes,Papilionoideae
Macrosamanea,Yes,Rhizobial,Yes,Caesalpinioideae
Macrotyloma,Yes,Rhizobial,Yes,Papilionoideae
Maniltoa,Yes,Rhizobial,Yes,Detarioideae
Maraniona,Unknown,n/a,Yes,Papilionoideae
Marina,Yes,Rhizobial,Yes,Papilionoideae
Mariosousa,Unknown,n/a,Yes,Caesalpinioideae
Martiodendron,No,n/a,Yes,Dialioideae
Mastersia,Yes,Rhizobial,Yes,Papilionoideae
Mecopus,Unknown,n/a,Yes,Papilionoideae
Medicago,Yes,Rhizobial,Yes,Papilionoideae
Melanoxylon,Yes,Rhizobial,Yes,Caesalpinioideae
Melilotus,Yes,Rhizobial,Yes,Papilionoideae
Melliniella,Unknown,n/a,Yes,Papilionoideae
Melolobium,Yes,Rhizobial,Yes,Papilionoideae
Meristotropis,Unknown,n/a,Yes,Papilionoideae
Mendoravia,Unknown,n/a,Yes,Dialioideae
Mezoneuron,Unknown,n/a,Yes,Caesalpinioideae
Michelsonia,Unknown,n/a,Yes,Detarioideae
Micklethwaitia,Unknown,n/a,Yes,Detarioideae
Microcharis,Unknown,n/a,Yes,Papilionoideae
Microlobius,Unknown,n/a,Yes,Caesalpinioideae
Mildbraediodendron,No,n/a,Yes,Papilionoideae
Millettia,Yes,Rhizobial,Yes,Papilionoideae
Mimosa,Yes,Rhizobial,Yes,Caesalpinioideae
Mimozyganthus,Yes,Rhizobial,Yes,Caesalpinioideae
Mirbelia,Yes,Rhizobial,Yes,Papilionoideae
Moldenhawera,Unknown,n/a,Yes,Caesalpinioideae
Monarthrocarpus,Unknown,n/a,Yes,Papilionoideae
Monopteryx,No,n/a,Yes,Papilionoideae
Montigena,Yes,Rhizobial,Yes,Papilionoideae
Mora,No,n/a,Yes,Caesalpinioideae
Moullava,Unknown,n/a,Yes,Caesalpinioideae
Mucuna,Yes,Rhizobial,Yes,Papilionoideae
Muellera,Unknown,n/a,Yes,Papilionoideae
Muelleranthus,Unknown,n/a,Yes,Papilionoideae
Mundulea,Yes,Rhizobial,Yes,Papilionoideae
Myrocarpus,Yes,Rhizobial,Yes,Papilionoideae
Myrospermum,Unknown,n/a,Yes,Papilionoideae
Myroxylon,Yes,Rhizobial,Yes,Papilionoideae
Mysanthus,Unknown,n/a,Yes,Papilionoideae
Neoapaloxylon,Unknown,n/a,Yes,Detarioideae
Neochevalierodendron,Unknown,n/a,Yes,Detarioideae
Neocollettia ,Unknown,n/a,Yes,Papilionoideae
Neoharmsia,Unknown,n/a,Yes,Papilionoideae
Neonotonia,Yes,Rhizobial,Yes,Papilionoideae
Neorautanenia,Yes,Rhizobial,Yes,Papilionoideae
Neorudolphia,Yes,Rhizobial,Yes,Papilionoideae
Nephrodesmus,Unknown,n/a,Yes,Papilionoideae
Neptunia,Yes,Rhizobial,Yes,Caesalpinioideae
Nesphostylis,Unknown,n/a,Yes,Papilionoideae
Neustanthus,Unknown,n/a,Yes,Papilionoideae
Newtonia,No,n/a,Yes,Caesalpinioideae
Nissolia,No,n/a,Yes,Papilionoideae
Nogra,Unknown,n/a,Yes,Papilionoideae
Normandiodendron,Unknown,n/a,Yes,Detarioideae
Oddoniodendron,Unknown,n/a,Yes,Detarioideae
Ohwia,Unknown,n/a,Yes,Papilionoideae
Olneya,No,n/a,Yes,Papilionoideae
Onobrychis,Yes,Rhizobial,Yes,Papilionoideae
Ononis,Yes,Rhizobial,Yes,Papilionoideae
Ophrestia,Yes,Rhizobial,Yes,Papilionoideae
Orbexilum,Yes,Rhizobial,Yes,Papilionoideae
Ormocarpopsis,Yes,Rhizobial,Yes,Papilionoideae
Ormocarpum,Unknown,n/a,Yes,Papilionoideae
Ormosia,Yes,Rhizobial,Yes,Papilionoideae
Ornithopus,Yes,Rhizobial,Yes,Papilionoideae
Orphanodendron,Unknown,n/a,Yes,Papilionoideae
Ostryocarpus,Unknown,n/a,Yes,Papilionoideae
Otholobium,Yes,Rhizobial,Yes,Papilionoideae
Otoptera,Yes,Rhizobial,Yes,Papilionoideae
Ototropis,Unknown,n/a,Yes,Papilionoideae
Ottleya,Unknown,n/a,Yes,Papilionoideae
Ougeinia,Unknown,n/a,Yes,Papilionoideae
Oxylobium,Yes,Rhizobial,Yes,Papilionoideae
Oxyrhynchus,Yes,Rhizobial,Yes,Papilionoideae
Oxystigma,Unknown,n/a,Yes,Detarioideae
Oxytropis,Yes,Rhizobial,Yes,Papilionoideae
Pachyelasma,Unknown,n/a,Yes,Caesalpinioideae
Pachyrhizus,Yes,Rhizobial,Yes,Papilionoideae
Painteria,Unknown,n/a,Yes,Caesalpinioideae
Paloue,Unknown,n/a,Yes,Detarioideae
Paloveopsis,Unknown,n/a,Yes,Detarioideae
Panurea,Unknown,n/a,Yes,Papilionoideae
Paracalyx,Unknown,n/a,Yes,Papilionoideae
Paragoodia,Unknown,n/a,Yes,Papilionoideae
Paramachaerium,Unknown,n/a,Yes,Papilionoideae
Paramacrolobium,Unknown,n/a,Yes,Detarioideae
Parapiptadenia,Yes,Rhizobial,Yes,Caesalpinioideae
Pararchidendron,Unknown,n/a,Yes,Caesalpinioideae
Parasenegalia,Unknown,n/a,Yes,Caesalpinioideae
Paraserianthes,Yes,Rhizobial,Yes,Caesalpinioideae
Parkia,Yes,Rhizobial,Yes,Caesalpinioideae
Parkinsonia,No,n/a,Yes,Caesalpinioideae
Parochetus,Yes,Rhizobial,Yes,Papilionoideae
Parryella,Yes,Rhizobial,Yes,Papilionoideae
Paubrasilia,Unknown,n/a,Yes,Caesalpinioideae
Pearsonia,Yes,Rhizobial,Yes,Papilionoideae
Pediomelum,Yes,Rhizobial,Yes,Papilionoideae
Peltogyne,No,n/a,Yes,Detarioideae
Peltophorum,No,n/a,Yes,Caesalpinioideae
Pentaclethra,Yes,Rhizobial,Yes,Caesalpinioideae
Periandra,Unknown,n/a,Yes,Papilionoideae
Pericopsis,Yes,Rhizobial,Yes,Papilionoideae
Petaladenium,Unknown,n/a,Yes,Papilionoideae
Petalostylis,No,n/a,Yes,Dialioideae
Peteria,Unknown,n/a,Yes,Papilionoideae
Petteria,Yes,Rhizobial,Yes,Papilionoideae
Phanera,Unknown,n/a,Yes,Cercidoideae
Phaseolus,Yes,Rhizobial,Yes,Papilionoideae
Philenoptera,Unknown,n/a,Yes,Papilionoideae
Phylacium,Unknown,n/a,Yes,Papilionoideae
Phyllodium,Yes,Rhizobial,Yes,Papilionoideae
Phyllolobium,Unknown,n/a,Yes,Papilionoideae
Phyllota,Yes,Rhizobial,Yes,Papilionoideae
Phylloxylon,Unknown,n/a,Yes,Papilionoideae
Physostigma,Unknown,n/a,Yes,Papilionoideae
Pickeringia,Yes,Rhizobial,Yes,Papilionoideae
Pictetia,Unknown,n/a,Yes,Papilionoideae
Piliostigma,No,n/a,Yes,Cercidoideae
Piptadenia,Yes,Rhizobial,Yes,Caesalpinioideae
Piptadeniastrum,Unknown,n/a,Yes,Caesalpinioideae
Piptadeniopsis,Unknown,n/a,Yes,Caesalpinioideae
Piptanthus,Yes,Rhizobial,Yes,Papilionoideae
Piscidia,Yes,Rhizobial,Yes,Papilionoideae
Pisum,Yes,Rhizobial,Yes,Papilionoideae
Pithecellobium,Yes,Rhizobial,Yes,Caesalpinioideae
Pityrocarpa,Unknown,n/a,Yes,Caesalpinioideae
Plagiocarpus,Unknown,n/a,Yes,Papilionoideae
Plagiosiphon,Unknown,n/a,Yes,Detarioideae
Plathymenia,Yes,Rhizobial,Yes,Caesalpinioideae
Platycelyphium,Unknown,n/a,Yes,Papilionoideae
Platycyamus,Unknown,n/a,Yes,Papilionoideae
Platylobium,Yes,Rhizobial,Yes,Papilionoideae
Platymiscium,Yes,Rhizobial,Yes,Papilionoideae
Platypodium,Unknown,n/a,Yes,Papilionoideae
Platysepalum,No,n/a,Yes,Papilionoideae
Pleurolobus,Unknown,n/a,Yes,Papilionoideae
Podalyria,Yes,Rhizobial,Yes,Papilionoideae
Podocytisus,Unknown,n/a,Yes,Papilionoideae
Podolobium,Unknown,n/a,Yes,Papilionoideae
Podolotus,Unknown,n/a,Yes,Papilionoideae
Poecilanthe,Yes,Rhizobial,Yes,Papilionoideae
Poeppigia,Unknown,n/a,Yes,Dialioideae
Poiretia,Unknown,n/a,Yes,Papilionoideae
Poissonia,Unknown,n/a,Yes,Papilionoideae
Poitea,Unknown,n/a,Yes,Papilionoideae
Polhillia,Unknown,n/a,Yes,Papilionoideae
Polystemonanthus,Unknown,n/a,Yes,Detarioideae
Pomaria,Unknown,n/a,Yes,Caesalpinioideae
Pongamiopsis,Unknown,n/a,Yes,Papilionoideae
Priestleya,Yes,Rhizobial,Yes,Papilionoideae
Prioria,Unknown,n/a,Yes,Detarioideae
Prosopidastrum,Unknown,n/a,Yes,Caesalpinioideae
Prosopis,Yes,Rhizobial,Yes,Caesalpinioideae
Pseudarthria,Yes,Rhizobial,Yes,Papilionoideae
Pseudeminia,Yes,Rhizobial,Yes,Papilionoideae
Pseudoeriosema,Unknown,n/a,Yes,Papilionoideae
Pseudolotus,Unknown,n/a,Yes,Papilionoideae
Pseudomacrolobium,Unknown,n/a,Yes,Detarioideae
Pseudopiptadenia,Yes,Rhizobial,Yes,Caesalpinioideae
Pseudoprosopis,Unknown,n/a,Yes,Caesalpinioideae
Pseudosamanea,Unknown,n/a,Yes,Caesalpinioideae
Pseudovigna,Yes,Rhizobial,Yes,Papilionoideae
Psophocarpus,Yes,Rhizobial,Yes,Papilionoideae
Psoralea,Yes,Rhizobial,Yes,Papilionoideae
Psorothamnus,Yes,Rhizobial,Yes,Papilionoideae
Pterocarpus,Yes,Rhizobial,Yes,Papilionoideae
Pterodon,Unknown,n/a,Yes,Papilionoideae
Pterogyne,No,n/a,Yes,Caesalpinioideae
Pterolobium,No,n/a,Yes,Caesalpinioideae
Ptycholobium,Yes,Rhizobial,Yes,Papilionoideae
Ptychosema,Unknown,n/a,Yes,Papilionoideae
Pueraria,Yes,Rhizobial,Yes,Papilionoideae
Pultenaea,Yes,Rhizobial,Yes,Papilionoideae
Pycnospora ,Unknown,n/a,Yes,Papilionoideae
Pyranthus,Unknown,n/a,Yes,Papilionoideae
Rafnia,Yes,Rhizobial,Yes,Papilionoideae
Ramirezella,Yes,Rhizobial,Yes,Papilionoideae
Ramorinoa,No,n/a,Yes,Papilionoideae
Recordoxylon,Unknown,n/a,Yes,Caesalpinioideae
Requienia,Yes,Rhizobial,Yes,Papilionoideae
Retama,Yes,Rhizobial,Yes,Papilionoideae
Rhodopis,Unknown,n/a,Yes,Papilionoideae
Rhynchosia,Yes,Rhizobial,Yes,Papilionoideae
Rhynchotropis,Unknown,n/a,Yes,Papilionoideae
Riedeliella,Yes,Rhizobial,Yes,Papilionoideae
Robinia,Yes,Rhizobial,Yes,Papilionoideae
Robynsiophyton,Yes,Rhizobial,Yes,Papilionoideae
Rothia,Yes,Rhizobial,Yes,Papilionoideae
Rupertia,Unknown,n/a,Yes,Papilionoideae
Sakoanala,Unknown,n/a,Yes,Papilionoideae
Salweenia,Unknown,n/a,Yes,Papilionoideae
Samanea,Yes,Rhizobial,Yes,Caesalpinioideae
Saraca,No,n/a,Yes,Detarioideae
Sarcodum,Unknown,n/a,Yes,Papilionoideae
Schefflerodendron,Unknown,n/a,Yes,Papilionoideae
Schizolobium,No,n/a,Yes,Caesalpinioideae
Schleinitzia,Unknown,n/a,Yes,Caesalpinioideae
Schnella,Unknown,n/a,Yes,Cercidoideae
Schotia,No,n/a,Yes,Detarioideae
Scorodophloeus,No,n/a,Yes,Detarioideae
Scorpiurus,Yes,Rhizobial,Yes,Papilionoideae
Securigera,Yes,Rhizobial,Yes,Papilionoideae
Sellocharis,Unknown,n/a,Yes,Papilionoideae
Senegalia,Unknown,n/a,Yes,Caesalpinioideae
Senna,Yes,Rhizobial,Yes,Caesalpinioideae
Serianthes,Unknown,n/a,Yes,Caesalpinioideae
Sesbania,Yes,Rhizobial,Yes,Papilionoideae
Shuteria,Yes,Rhizobial,Yes,Papilionoideae
Sigmoidotropis,Unknown,n/a,Yes,Papilionoideae
Sindora,No,n/a,Yes,Detarioideae
Sindoropsis,Unknown,n/a,Yes,Detarioideae
Sinodolichos,Unknown,n/a,Yes,Papilionoideae
Smirnowia,Unknown,n/a,Yes,Papilionoideae
Smithia,Yes,Rhizobial,Yes,Papilionoideae
Soemmeringia,Unknown,n/a,Yes,Papilionoideae
Sohmaea,Unknown,n/a,Yes,Papilionoideae
Sophora,Yes,Rhizobial,Yes,Papilionoideae
Spartium,Yes,Rhizobial,Yes,Papilionoideae
Spathionema,Unknown,n/a,Yes,Papilionoideae
Spatholobus,Unknown,n/a,Yes,Papilionoideae
Sphaerolobium,Yes,Rhizobial,Yes,Papilionoideae
Sphaerophysa,Unknown,n/a,Yes,Papilionoideae
Sphenostylis,Yes,Rhizobial,Yes,Papilionoideae
Sphinctospermum,Unknown,n/a,Yes,Papilionoideae
Sphinga,Unknown,n/a,Yes,Caesalpinioideae
Spirotropis,Unknown,n/a,Yes,Papilionoideae
Stachyothyrsus,Unknown,n/a,Yes,Caesalpinioideae
Staminodianthus,Unknown,n/a,Yes,Papilionoideae
Stauracanthus,Unknown,n/a,Yes,Papilionoideae
Steinbachiella,Unknown,n/a,Yes,Papilionoideae
Stemonocoleus,No,n/a,Yes,Detarioideae
Stenodrepanum,Unknown,n/a,Yes,Caesalpinioideae
Stirtonanthus,Unknown,n/a,Yes,Papilionoideae
Stonesiella,Unknown,n/a,Yes,Papilionoideae
Storckiella,Unknown,n/a,Yes,Dialioideae
Strongylodon,Yes,Rhizobial,Yes,Papilionoideae
Strophostyles,Yes,Rhizobial,Yes,Papilionoideae
Stryphnodendron,Yes,Rhizobial,Yes,Caesalpinioideae
Stuhlmannia,Unknown,n/a,Yes,Caesalpinioideae
Stylosanthes,Yes,Rhizobial,Yes,Papilionoideae
Styphnolobium,Unknown,n/a,Yes,Papilionoideae
Sulla,Unknown,n/a,Yes,Papilionoideae
Sutherlandia,Yes,Rhizobial,Yes,Papilionoideae
Swainsona,Yes,Rhizobial,Yes,Papilionoideae
Swartzia,Yes,Rhizobial,Yes,Papilionoideae
Sweetia,Yes,Rhizobial,Yes,Papilionoideae
Sylvichadsia,Unknown,n/a,Yes,Papilionoideae
Sympetalandra,Unknown,n/a,Yes,Caesalpinioideae
Tabaroa,Unknown,n/a,Yes,Papilionoideae
Tachigali,Yes,Rhizobial,Yes,Caesalpinioideae
Tadehagi,Unknown,n/a,Yes,Papilionoideae
Talbotiella,Unknown,n/a,Yes,Detarioideae
Tamarindus,No,n/a,Yes,Detarioideae
Tara,Unknown,n/a,Yes,Caesalpinioideae
Taralea,No,n/a,Yes,Papilionoideae
Tateishia,Unknown,n/a,Yes,Papilionoideae
Taverniera,Yes,Rhizobial,Yes,Papilionoideae
Templetonia,Yes,Rhizobial,Yes,Papilionoideae
Tephrosia,Yes,Rhizobial,Yes,Papilionoideae
Teramnus,Yes,Rhizobial,Yes,Papilionoideae
Tessmannia,Unknown,n/a,Yes,Detarioideae
Tetraberlinia,Unknown,n/a,Yes,Detarioideae
Tetrapleura,No,n/a,Yes,Caesalpinioideae
Tetrapterocarpon,Unknown,n/a,Yes,Caesalpinioideae
Teyleria,Unknown,n/a,Yes,Papilionoideae
Thailentadopsis,Unknown,n/a,Yes,Caesalpinioideae
Thermopsis,Yes,Rhizobial,Yes,Papilionoideae
Thinicola,Unknown,n/a,Yes,Papilionoideae
Tibetia,Unknown,n/a,Yes,Papilionoideae
Tipuana,Yes,Rhizobial,Yes,Papilionoideae
Toxicopueraria,Unknown,n/a,Yes,Papilionoideae
Tragacantha,Unknown,n/a,Yes,Papilionoideae
Trifidacanthus ,Unknown,n/a,Yes,Papilionoideae
Trifolium,Yes,Rhizobial,Yes,Papilionoideae
Trigonella,Yes,Rhizobial,Yes,Papilionoideae
Tripodion,Yes,Rhizobial,Yes,Papilionoideae
Trischidium,Unknown,n/a,Yes,Papilionoideae
Tylosema,No,n/a,Yes,Cercidoideae
Uittienia,Unknown,n/a,Yes,Dialioideae
Uleanthus,Unknown,n/a,Yes,Papilionoideae
Ulex,Yes,Rhizobial,Yes,Papilionoideae
Umtiza,Unknown,n/a,Yes,Caesalpinioideae
Uraria,Yes,Rhizobial,Yes,Papilionoideae
Uribea,Unknown,n/a,Yes,Papilionoideae
Urodon,Unknown,n/a,Yes,Papilionoideae
Vachellia,Unknown,n/a,Yes,Caesalpinioideae
Vandasina,Unknown,n/a,Yes,Papilionoideae
Vatairea,No,n/a,Yes,Papilionoideae
Vataireopsis,Unknown,n/a,Yes,Papilionoideae
Vatovaea,Unknown,n/a,Yes,Papilionoideae
Vavilovia,Unknown,n/a,Yes,Papilionoideae
Verdesmum,Unknown,n/a,Yes,Papilionoideae
Vicia,Yes,Rhizobial,Yes,Papilionoideae
Vigna,Yes,Rhizobial,Yes,Papilionoideae
Viguieranthus,Unknown,n/a,Yes,Caesalpinioideae
Viminaria,Yes,Rhizobial,Yes,Papilionoideae
Virgilia,Yes,Rhizobial,Yes,Papilionoideae
Vouacapoua,Yes,Rhizobial,Yes,Caesalpinioideae
Wajira,Unknown,n/a,Yes,Papilionoideae
Wallaceodendron,Yes,Rhizobial,Yes,Caesalpinioideae
Weberbauerella,Unknown,n/a,Yes,Papilionoideae
Wiborgia,Yes,Rhizobial,Yes,Papilionoideae
Wiborgiella,Unknown,n/a,Yes,Papilionoideae
Wisteria,Yes,Rhizobial,Yes,Papilionoideae
Xanthocercis,Yes,Rhizobial,Yes,Papilionoideae
Xerocladia,Yes,Rhizobial,Yes,Caesalpinioideae
Xiphotheca,Unknown,n/a,Yes,Papilionoideae
Xylia,No,n/a,Yes,Caesalpinioideae
Zapoteca,Unknown,n/a,Yes,Caesalpinioideae
Zenia,Unknown,n/a,Yes,Dialioideae
Zenkerella,Unknown,n/a,Yes,Detarioideae
Zollernia,Yes,Rhizobial,Yes,Papilionoideae
Zornia,Yes,Rhizobial,Yes,Papilionoideae
Zuccagnia,Unknown,n/a,Yes,Caesalpinioideae
Zygia,Yes,Rhizobial,Yes,Caesalpinioideae
Zygocarpum,Unknown,n/a,Yes,Non-legume
Abobra,No,n/a,No,Non-legume
Acaena,No,n/a,No,Non-legume
Acanthocladus,No,n/a,No,Non-legume
Acanthosicyos,No,n/a,No,Non-legume
Achudemia,No,n/a,No,Non-legume
Actinostemma,No,n/a,No,Non-legume
Adenostoma,No,n/a,No,Non-legume
Adolphia,Yes,Actinorhizal,No,Non-legume
Agrimonia,No,n/a,No,Non-legume
Alchemilla,No,n/a,No,Non-legume
Alfaroa,No,n/a,No,Non-legume
Alfaropsis,No,n/a,No,Non-legume
Allocasuarina,Yes,Actinorhizal,No,Non-legume
Alnus,Yes,Actinorhizal,No,Non-legume
Alphitonia,No,n/a,No,Non-legume
Alsomitra,No,n/a,No,Non-legume
Alvimiantha,No,n/a,No,Non-legume
Amelanchier,No,n/a,No,Non-legume
Amelasorbus,No,n/a,No,Non-legume
Ampelocera,No,n/a,No,Non-legume
Ampelosicyos,No,n/a,No,Non-legume
Ampelosycios,No,n/a,No,Non-legume
Ampelozizyphus,No,n/a,No,Non-legume
Anacaona,No,n/a,No,Non-legume
Anangia,No,n/a,No,Non-legume
Ancylotropis,No,n/a,No,Non-legume
Anisophyllea,No,n/a,No,Non-legume
Antiaris,No,n/a,No,Non-legume
Antiaropsis,No,n/a,No,Non-legume
Aphananthe,No,n/a,No,Non-legume
Aphanes,No,n/a,No,Non-legume
Apodanthera,No,n/a,No,Non-legume
Apodanthes,No,n/a,No,Non-legume
Araracuara,No,n/a,No,Non-legume
Archiboehmeria,No,n/a,No,Non-legume
Aremonia,No,n/a,No,Non-legume
Armeniaca,No,n/a,No,Non-legume
Armenoprunus,No,n/a,No,Non-legume
Aronia,No,n/a,No,Non-legume
Artocarpus,No,n/a,No,Non-legume
Aruncus,No,n/a,No,Non-legume
Astrothalamus,No,n/a,No,Non-legume
Atroxima,No,n/a,No,Non-legume
Auerodendron,No,n/a,No,Non-legume
Australina,No,n/a,No,Non-legume
Austrobryonia,No,n/a,No,Non-legume
Badiera,No,n/a,No,Non-legume
Bagassa,No,n/a,No,Non-legume
Baijiania,No,n/a,No,Non-legume
Balgoya,No,n/a,No,Non-legume
Bambekea,No,n/a,No,Non-legume
Barbeya,No,n/a,No,Non-legume
Barnhartia,No,n/a,No,Non-legume
Bathiorhamnus,No,n/a,No,Non-legume
Batidea,No,n/a,No,Non-legume
Batocarpus,No,n/a,No,Non-legume
Bayabusua,No,n/a,No,Non-legume
Begonia,No,n/a,No,Non-legume
Bencomia,No,n/a,No,Non-legume
Benincasa,No,n/a,No,Non-legume
Berchemia,No,n/a,No,Non-legume
Berchemiella,No,n/a,No,Non-legume
Berlinianche,No,n/a,No,Non-legume
Betula,No,n/a,No,Non-legume
Biswarea,No,n/a,No,Non-legume
Blackallia,No,n/a,No,Non-legume
Bleekrodea,No,n/a,No,Non-legume
Boehmeria,No,n/a,No,Non-legume
Bolbostemma,No,n/a,No,Non-legume
Borneosicyos,No,n/a,No,Non-legume
Bosqueiopsis,No,n/a,No,Non-legume
Brandegea,No,n/a,No,Non-legume
Bredemeyera,No,n/a,No,Non-legume
Brosimum,No,n/a,No,Non-legume
Broussonetia,No,n/a,No,Non-legume
Bryonia,No,n/a,No,Non-legume
Cadellia,No,n/a,No,Non-legume
Calaunia,No,n/a,No,Non-legume
Calycophysum,No,n/a,No,Non-legume
Canacomyrica,No,n/a,No,Non-legume
Cannabis,No,n/a,No,Non-legume
Carpinus,No,n/a,No,Non-legume
Carpolobia,No,n/a,No,Non-legume
Carya,No,n/a,No,Non-legume
Castanea,No,n/a,No,Non-legume
Castanopsis,No,n/a,No,Non-legume
Castilla,No,n/a,No,Non-legume
Casuarina,Yes,Actinorhizal,No,Non-legume
Cayaponia,No,n/a,No,Non-legume
Ceanothus,Yes,Actinorhizal,No,Non-legume
Cecropia,No,n/a,No,Non-legume
Celtis,No,n/a,No,Non-legume
Cephalopentandra,No,n/a,No,Non-legume
Cerasiocarpum,No,n/a,No,Non-legume
Cerasus,No,n/a,No,Non-legume
Ceratosanthes,No,n/a,No,Non-legume
Cercocarpus,Yes,Actinorhizal,No,Non-legume
Cerothamnus,No,n/a,No,Non-legume
Ceuthostoma,Yes,Actinorhizal,No,Non-legume
Chaenomeles,No,n/a,No,Non-legume
Chaetachme,No,n/a,No,Non-legume
Chalema,No,n/a,No,Non-legume
Chamabainia,No,n/a,No,Non-legume
Chamaebatia,Yes,Actinorhizal,No,Non-legume
Chamaebatiaria,No,n/a,No,Non-legume
Chamaemeles,No,n/a,No,Non-legume
Chamaerhodos,No,n/a,No,Non-legume
Chaydaia,No,n/a,No,Non-legume
Chrysolepis,No,n/a,No,Non-legume
Cionosicyos,No,n/a,No,Non-legume
Cionosicys,No,n/a,No,Non-legume
Citrullus,No,n/a,No,Non-legume
Clarisia,No,n/a,No,Non-legume
Cliffortia,No,n/a,No,Non-legume
Coccinia,No,n/a,No,Non-legume
Cogniauxia,No,n/a,No,Non-legume
Coleogyne,No,n/a,No,Non-legume
Colletia,Yes,Actinorhizal,No,Non-legume
Colocynthis,No,n/a,No,Non-legume
Colubrina,No,n/a,No,Non-legume
Coluria,No,n/a,No,Non-legume
Comarum,No,n/a,No,Non-legume
Combretocarpus,No,n/a,No,Non-legume
Comesperma,No,n/a,No,Non-legume
Comptonia,Yes,Actinorhizal,No,Non-legume
Condalia,No,n/a,No,Non-legume
Corallocarpus,No,n/a,No,Non-legume
Coriaria,Yes,Actinorhizal,No,Non-legume
Cormonema,No,n/a,No,Non-legume
Corylus,No,n/a,No,Non-legume
Corynocarpus,No,n/a,No,Non-legume
Cotoneaster,No,n/a,No,Non-legume
Coussapoa,No,n/a,No,Non-legume
Cowania,Yes,Actinorhizal,No,Non-legume
Crataegus,No,n/a,No,Non-legume
Crataemespilus,No,n/a,No,Non-legume
Cremastopus,No,n/a,No,Non-legume
Crumenaria,No,n/a,No,Non-legume
Cryptandra,No,n/a,No,Non-legume
Ctenolepis,No,n/a,No,Non-legume
Cucumella,No,n/a,No,Non-legume
Cucumeropsis,No,n/a,No,Non-legume
Cucumis,No,n/a,No,Non-legume
Cucurbita,No,n/a,No,Non-legume
Cucurbitella,No,n/a,No,Non-legume
Cyclanthera,No,n/a,No,Non-legume
Cyclantheropsis,No,n/a,No,Non-legume
Cyclobalanopsis,No,n/a,No,Non-legume
Cyclocarya,No,n/a,No,Non-legume
Cydonia,No,n/a,No,Non-legume
Cylactis,No,n/a,No,Non-legume
Cypholophus,No,n/a,No,Non-legume
Dactyliandra,No,n/a,No,Non-legume
Dasiphora,No,n/a,No,Non-legume
Datisca,Yes,Actinorhizal,No,Non-legume
Debregeasia,No,n/a,No,Non-legume
Dendriopoterium,No,n/a,No,Non-legume
Dendrocnide,No,n/a,No,Non-legume
Dendrosicyos,No,n/a,No,Non-legume
Dichotomanthes,No,n/a,No,Non-legume
Diclidanthera,No,n/a,No,Non-legume
Didymodoxa,No,n/a,No,Non-legume
Dieterlea,No,n/a,No,Non-legume
Diplocyclos,No,n/a,No,Non-legume
Dirachma,No,n/a,No,Non-legume
Discaria,Yes,Actinorhizal,No,Non-legume
Discocnide,No,n/a,No,Non-legume
Docynia,No,n/a,No,Non-legume
Doerpfeldia,No,n/a,No,Non-legume
Dorstenia,No,n/a,No,Non-legume
Doyerea,No,n/a,No,Non-legume
Droguetia,No,n/a,No,Non-legume
Dryas,Yes,Actinorhizal,No,Non-legume
Drymocallis,No,n/a,No,Non-legume
Duchesnea,No,n/a,No,Non-legume
Ecballium,No,n/a,No,Non-legume
Echinocystis,No,n/a,No,Non-legume
Echinopepon,No,n/a,No,Non-legume
Edgaria,No,n/a,No,Non-legume
Elaeagnus,Yes,Actinorhizal,No,Non-legume
Elateriopsis,No,n/a,No,Non-legume
Elatostema,No,n/a,No,Non-legume
Emmenosperma,No,n/a,No,Non-legume
Engelhardia,No,n/a,No,Non-legume
Engelhardtia,No,n/a,No,Non-legume
Epirixanthes,No,n/a,No,Non-legume
Eriandra,No,n/a,No,Non-legume
Eriobotrya,No,n/a,No,Non-legume
Eriolobus,No,n/a,No,Non-legume
Eureiandra,No,n/a,No,Non-legume
Exochorda,No,n/a,No,Non-legume
Fagus,No,n/a,No,Non-legume
Fallugia,No,n/a,No,Non-legume
Fatoua,No,n/a,No,Non-legume
Fevillea,No,n/a,No,Non-legume
Ficus,No,n/a,No,Non-legume
Filipendula,No,n/a,No,Non-legume
Forsskaolea,No,n/a,No,Non-legume
Fragaria,No,n/a,No,Non-legume
Frangula,No,n/a,No,Non-legume
Gerrardanthus,No,n/a,No,Non-legume
Gesnouinia,No,n/a,No,Non-legume
Geum,No,n/a,No,Non-legume
Gibbsia,No,n/a,No,Non-legume
Gillenia,No,n/a,No,Non-legume
Girardinia,No,n/a,No,Non-legume
Gironniera,No,n/a,No,Non-legume
Gomphogyne,No,n/a,No,Non-legume
Gonostegia,No,n/a,No,Non-legume
Gouania,No,n/a,No,Non-legume
Granitites,No,n/a,No,Non-legume
Guilfoylia,No,n/a,No,Non-legume
Gurania,No,n/a,No,Non-legume
Guraniopsis,No,n/a,No,Non-legume
Gymnopetalum,No,n/a,No,Non-legume
Gymnostoma,Yes,Actinorhizal,No,Non-legume
Gynostemma,No,n/a,No,Non-legume
Gyrotaenia,No,n/a,No,Non-legume
Halosicyos,No,n/a,No,Non-legume
Hanburia,No,n/a,No,Non-legume
Haroldiella,No,n/a,No,Non-legume
Hebecarpa,No,n/a,No,Non-legume
Helianthostylis,No,n/a,No,Non-legume
Helicostylis,No,n/a,No,Non-legume
Helinus,No,n/a,No,Non-legume
Helmontia,No,n/a,No,Non-legume
Hemiptelea,No,n/a,No,Non-legume
Hemistylus,No,n/a,No,Non-legume
Hemsleya,No,n/a,No,Non-legume
Herpetospermum,No,n/a,No,Non-legume
Hesperhodos,No,n/a,No,Non-legume
Hesperocnide,No,n/a,No,Non-legume
Hesperomeles,No,n/a,No,Non-legume
Heteromeles,No,n/a,No,Non-legume
Heterosamara,No,n/a,No,Non-legume
Hicoria,No,n/a,No,Non-legume
Hicorius,No,n/a,No,Non-legume
Hillebrandia,No,n/a,No,Non-legume
Hippophae,Yes,Actinorhizal,No,Non-legume
Hodgsonia,No,n/a,No,Non-legume
Holodiscus,No,n/a,No,Non-legume
Holoptelea,No,n/a,No,Non-legume
Horkelia,No,n/a,No,Non-legume
Horkeliella,No,n/a,No,Non-legume
Hovenia,No,n/a,No,Non-legume
Hullettia,No,n/a,No,Non-legume
Humulus,No,n/a,No,Non-legume
Hymenosicyos,No,n/a,No,Non-legume
Ibervillea,No,n/a,No,Non-legume
Indofevillea,No,n/a,No,Non-legume
Ivesia,No,n/a,No,Non-legume
Johnstonalia,No,n/a,No,Non-legume
Juglans,No,n/a,No,Non-legume
Kageneckia,No,n/a,No,Non-legume
Karwinskia,No,n/a,No,Non-legume
Kedrostis,No,n/a,No,Non-legume
Kelseya,No,n/a,No,Non-legume
Kentrothamnus,Yes,Actinorhizal,No,Non-legume
Kerria,No,n/a,No,Non-legume
Krugiodendron,No,n/a,No,Non-legume
Lagenaria,No,n/a,No,Non-legume
Laportea,No,n/a,No,Non-legume
Lasiodiscus,No,n/a,No,Non-legume
Lecanthus,No,n/a,No,Non-legume
Lemurosicyos,No,n/a,No,Non-legume
Lepargyrea,No,n/a,No,Non-legume
Leucosidea,No,n/a,No,Non-legume
Leucosyke,No,n/a,No,Non-legume
Lindleya,No,n/a,No,Non-legume
Linnaeosicyos,No,n/a,No,Non-legume
Lithocarpus,No,n/a,No,Non-legume
Lozanella,No,n/a,No,Non-legume
Luetkea,No,n/a,No,Non-legume
Luffa,No,n/a,No,Non-legume
Lyonothamnus,No,n/a,No,Non-legume
Maclura,No,n/a,No,Non-legume
Maddenia,No,n/a,No,Non-legume
Maesopsis,No,n/a,No,Non-legume
Malacomeles,No,n/a,No,Non-legume
Malaisia,No,n/a,No,Non-legume
Malus,No,n/a,No,Non-legume
Maoutia,No,n/a,No,Non-legume
Maquira,No,n/a,No,Non-legume
Marah,No,n/a,No,Non-legume
Margyricarpus,No,n/a,No,Non-legume
Megarrhiza,No,n/a,No,Non-legume
Melancium,No,n/a,No,Non-legume
Melothria,No,n/a,No,Non-legume
Mesogyne,No,n/a,No,Non-legume
Mespilus,No,n/a,No,Non-legume
Metatrophis,No,n/a,No,Non-legume
Micrampelis,No,n/a,No,Non-legume
Microlagenaria,No,n/a,No,Non-legume
Microsechium,No,n/a,No,Non-legume
Milicia,No,n/a,No,Non-legume
Momordica,No,n/a,No,Non-legume
Monnina,No,n/a,No,Non-legume
Morella,Yes,Actinorhizal,No,Non-legume
Morus,No,n/a,No,Non-legume
Moutabea,No,n/a,No,Non-legume
Muellerargia,No,n/a,No,Non-legume
Mukia,No,n/a,No,Non-legume
Muraltia,No,n/a,No,Non-legume
Musanga,No,n/a,No,Non-legume
Myrianthus,No,n/a,No,Non-legume
Myrica,Yes,Actinorhizal,No,Non-legume
Myriocarpa,No,n/a,No,Non-legume
Nanocnide,No,n/a,No,Non-legume
Naucleopsis,No,n/a,No,Non-legume
Neillia,No,n/a,No,Non-legume
Neoachmandra,No,n/a,No,Non-legume
Neoalsomitra,No,n/a,No,Non-legume
Neodistemon,No,n/a,No,Non-legume
Neraudia,No,n/a,No,Non-legume
Nesiota,No,n/a,No,Non-legume
Noltea,No,n/a,No,Non-legume
Nothocnide,No,n/a,No,Non-legume
Nothofagus,No,n/a,No,Non-legume
Notholithocarpus,No,n/a,No,Non-legume
Nuttallia,No,n/a,No,Non-legume
Nylandtia,No,n/a,No,Non-legume
Obetia,No,n/a,No,Non-legume
Ochetophila,No,n/a,No,Non-legume
Octomeles,No,n/a,No,Non-legume
Odosicyos,No,n/a,No,Non-legume
Oemleria,No,n/a,No,Non-legume
Oreocnide,No,n/a,No,Non-legume
Oreomunnea,No,n/a,No,Non-legume
Oreosyce,No,n/a,No,Non-legume
Orthurus,No,n/a,No,Non-legume
Osteomeles,No,n/a,No,Non-legume
Ostrya,No,n/a,No,Non-legume
Ostryopsis,No,n/a,No,Non-legume
Paliurus,No,n/a,No,Non-legume
Parasicyos,No,n/a,No,Non-legume
Parasponia,Yes,Rhizobial,No,Non-legume
Parietaria,No,n/a,No,Non-legume
Pellionia,No,n/a,No,Non-legume
Pentactina,No,n/a,No,Non-legume
Pentaphylloides,No,n/a,No,Non-legume
Pentaphyllum,No,n/a,No,Non-legume
Pepo,No,n/a,No,Non-legume
Peponium,No,n/a,No,Non-legume
Peponopsis,No,n/a,No,Non-legume
Peraphyllum,No,n/a,No,Non-legume
Perebea,No,n/a,No,Non-legume
Petelotiella,No,n/a,No,Non-legume
Petrophytum,No,n/a,No,Non-legume
Phenax,No,n/a,No,Non-legume
Photinia,No,n/a,No,Non-legume
Phylica,No,n/a,No,Non-legume
Phyllostylon,No,n/a,No,Non-legume
Physocarpus,No,n/a,No,Non-legume
Pilea,No,n/a,No,Non-legume
Pilogyne,No,n/a,No,Non-legume
Pilostaxis,No,n/a,No,Non-legume
Pilostyles,No,n/a,No,Non-legume
Pipturus,No,n/a,No,Non-legume
Planera,No,n/a,No,Non-legume
Platycarya,No,n/a,No,Non-legume
Poga,No,n/a,No,Non-legume
Poikilospermum,No,n/a,No,Non-legume
Polyclathra,No,n/a,No,Non-legume
Polygala,No,n/a,No,Non-legume
Polygaloides,No,n/a,No,Non-legume
Polygonanthus,No,n/a,No,Non-legume
Polylepis,No,n/a,No,Non-legume
Pomaderris,No,n/a,No,Non-legume
Potentilla,No,n/a,No,Non-legume
Poulsenia,No,n/a,No,Non-legume
Pourouma,No,n/a,No,Non-legume
Pouzolzia,No,n/a,No,Non-legume
Praecitrullus,No,n/a,No,Non-legume
Prinsepia,No,n/a,No,Non-legume
Procris,No,n/a,No,Non-legume
Prunus,No,n/a,No,Non-legume
Pseudocyclanthera,No,n/a,No,Non-legume
Pseudolmedia,No,n/a,No,Non-legume
Pseudomorus,No,n/a,No,Non-legume
Pseudosicydium,No,n/a,No,Non-legume
Psiguria,No,n/a,No,Non-legume
Pterocarya,No,n/a,No,Non-legume
Pteroceltis,No,n/a,No,Non-legume
Pteromonnina,No,n/a,No,Non-legume
Pteropepon,No,n/a,No,Non-legume
Purshia,Yes,Actinorhizal,No,Non-legume
Pyracantha,No,n/a,No,Non-legume
Pyrus,No,n/a,No,Non-legume
Quercus,No,n/a,No,Non-legume
Quillaja,No,n/a,No,Non-legume
Raphidiocystis,No,n/a,No,Non-legume
Recchia,No,n/a,No,Non-legume
Reissekia,No,n/a,No,Non-legume
Retanilla,Yes,Actinorhizal,No,Non-legume
Reynosia,No,n/a,No,Non-legume
Rhamnella,No,n/a,No,Non-legume
Rhamnidium,No,n/a,No,Non-legume
Rhamnus,No,n/a,No,Non-legume
Rhaphiolepis,No,n/a,No,Non-legume
Rhinotropis,No,n/a,No,Non-legume
Rhodotypos,No,n/a,No,Non-legume
Rhoiptelea,No,n/a,No,Non-legume
Robinsoniodendron,No,n/a,No,Non-legume
Rosa,No,n/a,No,Non-legume
Rousselia,No,n/a,No,Non-legume
Rubus,No,n/a,No,Non-legume
Ruthalicia,No,n/a,No,Non-legume
Rytidostylis,No,n/a,No,Non-legume
Sageretia,No,n/a,No,Non-legume
Salomonia,No,n/a,No,Non-legume
Sanguisorba,No,n/a,No,Non-legume
Sarcochlamys,No,n/a,No,Non-legume
Sarcomphalus,No,n/a,No,Non-legume
Sarcopilea,No,n/a,No,Non-legume
Sarcopoterium,No,n/a,No,Non-legume
Schistocarpaea,No,n/a,No,Non-legume
Schizocarpum,No,n/a,No,Non-legume
Schizopepon,No,n/a,No,Non-legume
Scopella,No,n/a,No,Non-legume
Scopellaria,No,n/a,No,Non-legume
Scutia,No,n/a,No,Non-legume
Scyphosyce,No,n/a,No,Non-legume
Sechiopsis,No,n/a,No,Non-legume
Sechium,No,n/a,No,Non-legume
Securidaca,No,n/a,No,Non-legume
Selysia,No,n/a,No,Non-legume
Seyrigia,No,n/a,No,Non-legume
Shepherdia,Yes,Actinorhizal,No,Non-legume
Sibbaldia,No,n/a,No,Non-legume
Sibbaldianthe,No,n/a,No,Non-legume
Sibbaldiopsis,No,n/a,No,Non-legume
Sibiraea,No,n/a,No,Non-legume
Sicana,No,n/a,No,Non-legume
Sicydium,No,n/a,No,Non-legume
Sicyocarya,No,n/a,No,Non-legume
Sicyocaulis,No,n/a,No,Non-legume
Sicyos,No,n/a,No,Non-legume
Sicyosperma,No,n/a,No,Non-legume
Sieversia,No,n/a,No,Non-legume
Sinobaijiania,No,n/a,No,Non-legume
Siolmatra,No,n/a,No,Non-legume
Siraitia,No,n/a,No,Non-legume
Skottsbergiliana,No,n/a,No,Non-legume
Sloetiopsis,No,n/a,No,Non-legume
Smythea,No,n/a,No,Non-legume
Soleirolia,No,n/a,No,Non-legume
Solena,No,n/a,No,Non-legume
Sorbaria,No,n/a,No,Non-legume
Sorbaronia,No,n/a,No,Non-legume
Sorbocotoneaster,No,n/a,No,Non-legume
Sorbopyrus,No,n/a,No,Non-legume
Sorbus,No,n/a,No,Non-legume
Sorocea,No,n/a,No,Non-legume
Spenceria,No,n/a,No,Non-legume
Spiraea,No,n/a,No,Non-legume
Spiraeanthus,No,n/a,No,Non-legume
Spyridium,No,n/a,No,Non-legume
Stenanthemum,No,n/a,No,Non-legume
Stephanandra,No,n/a,No,Non-legume
Streblus,No,n/a,No,Non-legume
Suriana,No,n/a,No,Non-legume
Taxotrophis,No,n/a,No,Non-legume
Tecunumania,No,n/a,No,Non-legume
Telfairia,No,n/a,No,Non-legume
Tetraglochin,No,n/a,No,Non-legume
Tetrameles,No,n/a,No,Non-legume
Thladiantha,No,n/a,No,Non-legume
Ticodendron,No,n/a,No,Non-legume
Touchardia,No,n/a,No,Non-legume
Toxylon,No,n/a,No,Non-legume
Treculia,No,n/a,No,Non-legume
Trema,No,n/a,No,Non-legume
Trevoa,Yes,Actinorhizal,No,Non-legume
Trichocephalus,No,n/a,No,Non-legume
Trichosanthes,No,n/a,No,Non-legume
Triclisperma,No,n/a,No,Non-legume
Tricyclandra,No,n/a,No,Non-legume
Trigonobalanus,No,n/a,No,Non-legume
Trilepisium,No,n/a,No,Non-legume
Trochomeria,No,n/a,No,Non-legume
Trochomeriopsis,No,n/a,No,Non-legume
Trophis,No,n/a,No,Non-legume
Trymalium,No,n/a,No,Non-legume
Trymatococcus,No,n/a,No,Non-legume
Tumamoca,No,n/a,No,Non-legume
Ulmus,No,n/a,No,Non-legume
Urera,No,n/a,No,Non-legume
Urtica,No,n/a,No,Non-legume
Urticastrum,No,n/a,No,Non-legume
Utsetela,No,n/a,No,Non-legume
Vanieria,No,n/a,No,Non-legume
Vaseyanthus,No,n/a,No,Non-legume
Vauquelinia,No,n/a,No,Non-legume
Ventilago,No,n/a,No,Non-legume
Villebrunea,No,n/a,No,Non-legume
Waldsteinia,No,n/a,No,Non-legume
Wilbrandia,No,n/a,No,Non-legume
Woronowia,No,n/a,No,Non-legume
Xanthophyllum,No,n/a,No,Non-legume
Xerosicyos,No,n/a,No,Non-legume
Xerospiraea,No,n/a,No,Non-legume
Zanonia,No,n/a,No,Non-legume
Zehneria,No,n/a,No,Non-legume
Zelkova,No,n/a,No,Non-legume
Ziziphus,No,n/a,No,Non-legume
Zygosicyos,No,n/a,No,Non-legume